Workbook

Sheet 構想
C2: 工程表構想
C5: 2000番台
C6: 工程項目 | D6: 表記単位 | E6: 項目 | F6: リンク先 | G6: 担当部署 | H6: 期間 | I6: 目的（知りたい情報）＆要望
C7: 受注 | D7: 工番 | E7: 受注説明会 | G7: 営業部 | H7: ○○月○○日～○○月○○日 | I7: 実施の未or済 受注後の早い時期（2週間以内）
C8: 基本設計＆計画承認 | D8: 機械 | E8: 計画設計 | F8: 設計工程 | G8: 設計部
E9: 計画図客先提出 | G9: 営業部
E10: 客先承認 | G10: 営業部
D11: 盤＆制御（電気関係） | E11: 操作盤外形図検討 | F11: 電気工程会議議事録 | G11: 操業部
E12: 外形図客先提出 | G12: 営業部
E13: 電気図面設計 | G13: 電気技術課
E14: 電気図面客先提出 | G14: 営業部
E15: 客先承認 | G15: 営業部
C16: 部品手配➀ | D16: 機械 | E16: 長納期購入品検討＆手配 | F16: Production Control | G16: 設計部、電技課、資材課 | I16: 長納期品の対象と手配状況の把握と納期の把握
D17: 盤 | E17: 電気品 筐体手配 | F17: Production Control | G17: 電気技術課、資材課
D18: 機械 | E18: 長納期製作品手配＆手配 | F18: Production Control | G18: 設計部、製管課 | I18: 長納期品の対象と手配状況の把握と納期の把握
C19: 出図＆部品手配➁ | D19: ユニット単位 | E19: 出図進捗 | F19: 設計工程 | G19: 設計部 | I19: 進捗と全体量、残り図面量の把握
E20: 製作品納期 | F20: Production Control | G20: 製管課 | I20: 部品が組立時にそろうかの把握
E21: 組立図進捗 | F21: 設計工程 | G21: 設計部 | I21: 部品が組立時にそろうかの把握
E22: 神戸納入予定日 | F22: Production Control | G22: 明石工場 | I22: 製作品納期とは別に検査後の神戸への納入日を把握する
E23: 艤装出図進捗 | F23: 設計工程 | G23: 設計部 | I23: 進捗と組立工程への影響回避のため
E24: 製作品納期 | F24: Production Control | G24: 製管課 | I24: 部品が組立時にそろうかの把握
E25: 艤装組立図進捗 | F25: 設計工程 | G25: 設計部 | I25: 部品が組立時にそろうかの把握
E26: 神戸納入予定日 | F26: Production Control | G26: 明石工場 | I26: 製作品納期とは別に検査後の神戸への納入日を把握する
C27: 電気設計 | D27: 盤 | E27: 最終電気図面 | F27: 電気工程会議議事録 | G27: 電気技術課
C28: 盤組立 | D28: 盤 | E28: 盤組立 | F28: 組立工程表 | G28: 電装課
C29: 組立 | D29: 全体工程 | E29: 組立期間 | F29: 組立工程表 | G29: 組立部
D30: サブ組立（ユニット単位） | E30: 塗装 | G30: 組立課 | I30: 塗装場の状況把握 状況次第で神戸送りを早める場合がある
E31: 組立 | F31: 組立工程表 | G31: 組立課 | I31: 組立進捗把握と部品手配納期の調整ができる
D32: 機械単位 | E32: 据付 | F32: 組立工程表 | G32: 組立課 | I32: 全体の進捗と工程として間に合うか確認
E33: 組立 | F33: 組立工程表 | G33: 組立課
E34: 艤装 | F34: 組立工程表 | G34: 組立部
E35: 電気艤装 | F35: 組立工程表 | G35: 電装課
C36: 組立完成 | D36: 機械単位 | E36: 外観検査 | F36: 工程会議議事録 | G36: 品証課 | I36: 検査結果を関係者で共有する。（Teamsにあげる）
D37: 盤単位 | E37: タスクリスト作成 | F37: タスクリスト | G37: 製管課 | I37: 外観検査での指摘事項から記載する
C38: 試運転 | D38: 盤単位 | E38: IOチェック | F38: 操業工程表 | G38: 操業部 | I38: 全体の進捗と工程として間に合うか確認
E39: 単体動作確認 | F39: 操業工程表 | G39: 操業部
E40: 全体動作確認 | F40: 操業工程表 | G40: 操業部
E41: プログラム調整 | F41: 操業工程表 | G41: 操業部
E42: 機械調整 | F42: 操業工程表 | G42: 操業部
E43: サイクルタイム確認 | F43: 操業工程表 | G43: 操業部
D44: 工番単位 | E44: 客先立会 | F44: 工程会議議事録 | G44: 営業部 | I44: 試運転と出荷準備との工程に影響がない日程で設定
C45: 出荷 | D45: 工番単位 | E45: 出荷確認会議 | F45: 工程会議議事録 | G45: 品証課、営業部 | I45: 出荷日の確認が必要
E46: 出荷準備 | F46: 組立工程表 | G46: 組立部、営業部 | I46: 全体の進捗と工程として間に合うか確認
E47: 出荷 | F47: 組立工程表 | G47: 組立部、営業部 | I47: 出荷日と出荷品の内容、車両情報を明記したい
C50: 3000、4000番台
C51: 工程項目 | D51: 表記単位 | E51: 項目 | F51: リンク先 | G51: 担当部署 | H51: 期間 | I51: 目的（知りたい情報）＆要望
C52: 受注 | D52: 工番単位 | E52: 受注説明会 | G52: 営業部 | H52: ○○月○○日～○○月○○日 | I52: 実施の未or済 受注後の早い時期（1週間以内）
C53: 出図＆購入品、部品手配 | D53: 工番単位 | E53: 出図進捗 | F53: 設計工程 | G53: 設計部 | I53: 進捗と全体量、残り図面量の把握
E54: 製作品納期 | F54: Production Control | G54: 製管課 | I54: 部品が組立時にそろうかの把握
E55: 組立図進捗 | F55: 設計工程 | G55: 設計部 | I55: 部品が組立時にそろうかの把握
E56: 神戸納入予定日 | F56: Production Control | G56: 明石工場 | I56: 製作品納期とは別に検査後の神戸への納入日を把握する
C57: 電気設計 | D57: 盤 | E57: 電気図面 | F57: 電気工程会議議事録 | G57: 電気技術課
C58: 盤組立 | D58: 盤 | E58: 盤組立 | F58: 組立工程表 | G58: 電装課
C59: 組立 | D59: 工番単位 | E59: 組立期間 | F59: 組立工程表 | G59: 組立部
E60: 塗装 | G60: 組立課 | I60: 塗装場の状況把握 状況次第で神戸送りを早める場合がある
E61: 組立 | F61: 組立工程表 | G61: 組立課 | I61: 組立進捗把握と部品手配納期の調整ができる
E62: 艤装 | F62: 組立工程表 | G62: 組立部
E63: 電気艤装 | F63: 組立工程表 | G63: 電装課
C64: 組立完成 | D64: 機械単位 | E64: 外観検査 | F64: 工程会議議事録 | G64: 品証課 | I64: 検査結果を関係者で共有する。（Teamsにあげる）
D65: 盤単位 | E65: タスクリスト作成 | F65: タスクリスト | G65: 製管課 | I65: 外観検査での指摘事項から記載する
C66: 試運転 | D66: 全体工程 | E66: 試運転 | F66: 操業工程表 | G66: 操業部 | I66: 全体の進捗と工程として間に合うか確認
D67: 工番単位 | E67: 客先立会 | F67: 工程会議議事録 | G67: 営業部 | I67: 試運転と出荷準備との工程に影響がない日程で設定
C68: 出荷 | D68: 工番単位 | E68: 出荷準備 | F68: 組立工程表 | G68: 組立部、営業部 | I68: 全体の進捗と工程として間に合うか確認
E69: 出荷 | F69: 組立工程表 | G69: 組立部、営業部 | I69: 出荷日と出荷品の内容、車両情報を明記したい
C71: D番（点検）
C72: 工程項目 | D72: 表記単位 | E72: 項目 | F72: リンク先 | G72: 担当部署 | H72: 期間 | I72: 目的（知りたい情報）＆要望
C73: 受注 | D73: 工番単位 | E73: ダイセット搬入 | G73: 営業部、組立部
C74: 解体 | D74: 工番単位 | E74: 解体 | G74: 組立部
C75: 検査 | D75: 工番単位 | E75: 検査 | G75: 明石工場、設計部
C76: 報告書作成 | D76: 工番単位 | E76: 報告書作成 提出 | G76: 設計部、営業部
C77: 出荷 | D77: 工番単位 | E77: ダイセット搬出 | G77: 営業部、組立部
C79: D番（OH）
C80: 工程項目 | D80: 表記単位 | E80: 項目 | F80: リンク先 | G80: 担当部署 | H80: 期間 | I80: 目的（知りたい情報）＆要望
C81: 受注 | D81: 工番単位 | E81: ダイセット搬入 | G81: 営業部、組立部
C82: 解体 | D82: 工番単位 | E82: 解体 | G82: 組立部
C83: 検査 | D83: 工番単位 | E83: 検査 | G83: 明石工場、設計部
C84: 報告書作成 | D84: 工番単位 | E84: 報告書作成 提出 | G84: 設計部、営業部
C85: 受注➁ | D85: 工番単位 | E85: 追加製作品の受注 | G85: 営業部
C86: 出図＆購入品、部品手配 | D86: 工番単位 | E86: 出図進捗 | F86: 設計工程 | G86: 設計部 | I86: 進捗と全体量、残り図面量の把握
E87: 製作品納期 | F87: Production Control | G87: 製管課 | I87: 部品が組立時にそろうかの把握
E88: 組立図進捗 | F88: 設計工程 | G88: 設計部 | I88: 部品が組立時にそろうかの把握
E89: 神戸納入予定日 | F89: Production Control | G89: 明石工場 | I89: 製作品納期とは別に検査後の神戸への納入日を把握する
C90: 組立 | D90: 工番単位 | E90: 塗装 | G90: 組立課 | I90: 塗装場の状況把握 状況次第で神戸送りを早める場合がある
E91: 組立 | F91: 組立工程表 | G91: 組立課 | I91: 組立進捗把握と部品手配納期の調整ができる
E92: 艤装 | F92: 組立工程表 | G92: 組立部
E93: 試運転（慣らし運転） | F93: 組立工程表 | G93: 組立部
C94: 組立完成 | D94: 機械単位 | E94: 外観検査 | F94: 工程会議議事録 | G94: 品証課 | I94: 検査結果を関係者で共有する。（Teamsにあげる）
C95: 出荷 | D95: 工番単位 | E95: 出荷準備 | F95: 組立工程表 | G95: 組立部、営業部 | I95: 全体の進捗と工程として間に合うか確認
E96: 出荷 | F96: 組立工程表 | G96: 組立部、営業部 | I96: 出荷日と出荷品の内容、車両情報を明記したい

Sheet 具体例
B2: 工事番号 | C2: 機械 | D2: ユニット | E2: タスク | F2: リンク先 | G2: 担当者 | H2: 達成率 | I2: 開始日 | J2: 終了日 | K2: 2024年 | BT2: 2025年 | PU2: 2026年
K3: 11月 | AO3: 12月 | BT3: 1月 | CY3: 2月 | EA3: 3月 | FF3: 4月 | GJ3: 5月 | HO3: 6月 | IS3: 7月 | JX3: 8月 | LC3: 9月 | MG3: 10月 | NL3: 11月 | OP3: 12月 | PU3: 1月 | QZ3: 2月
K4: =+_xlfn.XLOOKUP("月",K$7,K$6,0) -> 0 | L4: =+_xlfn.XLOOKUP("月",L$7,L$6,0) -> 0 | M4: =+_xlfn.XLOOKUP("月",M$7,M$6,0) -> 0 | N4: =+_xlfn.XLOOKUP("月",N$7,N$6,0) -> 4 | O4: =+_xlfn.XLOOKUP("月",O$7,O$6,0) -> 0 | P4: =+_xlfn.XLOOKUP("月",P$7,P$6,0) -> 0 | Q4: =+_xlfn.XLOOKUP("月",Q$7,Q$6,0) -> 0 | R4: =+_xlfn.XLOOKUP("月",R$7,R$6,0) -> 0 | ... SA4: =+_xlfn.XLOOKUP("月",SA$7,SA$6,0) -> 0
K5: 45597 | L5: 45598 | M5: 45599 | N5: 45600 | O5: 45601 | P5: 45602 | Q5: 45603 | R5: 45604 | S5: 45605 | T5: 45606 | U5: 45607 | V5: 45608 | W5: 45609 | X5: 45610 | Y5: 45611 | Z5: 45612 | AA5: 45613 | AB5: 45614 | AC5: 45615 | AD5: 45616 | AE5: 45617 | AF5: 45618 | AG5: 45619 | AH5: 45620 | AI5: 45621 | AJ5: 45622 | AK5: 45623 | AL5: 45624 | AM5: 45625 | AN5: 45626 | AO5: 45627 | AP5: 45628 | AQ5: 45629 | AR5: 45630 | AS5: 45631 | AT5: 45632 | AU5: 45633 | AV5: 45634 | AW5: 45635 | AX5: 45636 | AY5: 45637 | AZ5: 45638 | BA5: 45639 | BB5: 45640 | BC5: 45641 | BD5: 45642 | BE5: 45643 | BF5: 45644 | BG5: 45645 | BH5: 45646 | BI5: 45647 | BJ5: 45648 | BK5: 45649 | BL5: 45650 | BM5: 45651 | BN5: 45652 | BO5: 45653 | BP5: 45654 | BQ5: 45655 | BR5: 45656 | BS5: 45657 | BT5: 45658 | BU5: 45659 | BV5: 45660 | BW5: 45661 | BX5: 45662 | BY5: 45663 | BZ5: 45664 | CA5: 45665 | CB5: 45666 | CC5: 45667 | CD5: 45668 | CE5: 45669 | CF5: 45670 | CG5: 45671 | CH5: 45672 | CI5: 45673 | CJ5: 45674 | CK5: 45675 | CL5: 45676 | CM5: 45677 | CN5: 45678 | CO5: 45679 | CP5: 45680 | CQ5: 45681 | CR5: 45682 | CS5: 45683 | CT5: 45684 | CU5: 45685 | CV5: 45686 | CW5: 45687 | CX5: 45688 | CY5: 45689 | CZ5: 45690 | DA5: 45691 | DB5: 45692 | DC5: 45693 | DD5: 45694 | DE5: 45695 | DF5: 45696 | DG5: 45697 | DH5: 45698 | DI5: 45699 | DJ5: 45700 | DK5: 45701 | DL5: 45702 | DM5: 45703 | DN5: 45704 | DO5: 45705 | DP5: 45706 | DQ5: 45707 | DR5: 45708 | DS5: 45709 | DT5: 45710 | DU5: 45711 | DV5: 45712 | DW5: 45713 | DX5: 45714 | DY5: 45715 | DZ5: 45716 | EA5: 45717 | EB5: 45718 | EC5: 45719 | ED5: 45720 | EE5: 45721 | EF5: 45722 | EG5: 45723 | EH5: 45724 | EI5: 45725 | EJ5: 45726 | EK5: 45727 | EL5: 45728 | EM5: 45729 | EN5: 45730 | EO5: 45731 | EP5: 45732 | EQ5: 45733 | ER5: 45734 | ES5: 45735 | ET5: 45736 | EU5: 45737 | EV5: 45738 | EW5: 45739 | EX5: 45740 | EY5: 45741 | EZ5: 45742 | FA5: 45743 | FB5: 45744 | FC5: 45745 | FD5: 45746 | FE5: 45747 | FF5: 45748 | FG5: 45749 | FH5: 45750 | FI5: 45751 | FJ5: 45752 | FK5: 45753 | FL5: 45754 | FM5: 45755 | FN5: 45756 | FO5: 45757 | FP5: 45758 | FQ5: 45759 | FR5: 45760 | FS5: 45761 | FT5: 45762 | FU5: 45763 | FV5: 45764 | FW5: 45765 | FX5: 45766 | FY5: 45767 | FZ5: 45768 | GA5: 45769 | GB5: 45770 | GC5: 45771 | GD5: 45772 | GE5: 45773 | GF5: 45774 | GG5: 45775 | GH5: 45776 | GI5: 45777 | GJ5: 45778 | GK5: 45779 | GL5: 45780 | GM5: 45781 | GN5: 45782 | GO5: 45783 | GP5: 45784 | GQ5: 45785 | GR5: 45786 | GS5: 45787 | GT5: 45788 | GU5: 45789 | GV5: 45790 | GW5: 45791 | GX5: 45792 | GY5: 45793 | GZ5: 45794 | HA5: 45795 | HB5: 45796 | HC5: 45797 | HD5: 45798 | HE5: 45799 | HF5: 45800 | HG5: 45801 | HH5: 45802 | HI5: 45803 | HJ5: 45804 | HK5: 45805 | HL5: 45806 | HM5: 45807 | HN5: 45808 | HO5: 45809 | HP5: 45810 | HQ5: 45811 | HR5: 45812 | HS5: 45813 | HT5: 45814 | HU5: 45815 | HV5: 45816 | HW5: 45817 | HX5: 45818 | HY5: 45819 | HZ5: 45820 | IA5: 45821 | IB5: 45822 | IC5: 45823 | ID5: 45824 | IE5: 45825 | IF5: 45826 | IG5: 45827 | IH5: 45828 | II5: 45829 | IJ5: 45830 | IK5: 45831 | IL5: 45832 | IM5: 45833 | IN5: 45834 | IO5: 45835 | IP5: 45836 | IQ5: 45837 | IR5: 45838 | IS5: 45839 | IT5: 45840 | IU5: 45841 | IV5: 45842 | IW5: 45843 | IX5: 45844 | IY5: 45845 | IZ5: 45846 | JA5: 45847 | JB5: 45848 | JC5: 45849 | JD5: 45850 | JE5: 45851 | JF5: 45852 | JG5: 45853 | JH5: 45854 | JI5: 45855 | JJ5: 45856 | JK5: 45857 | JL5: 45858 | JM5: 45859 | JN5: 45860 | JO5: 45861 | JP5: 45862 | JQ5: 45863 | JR5: 45864 | JS5: 45865 | JT5: 45866 | JU5: 45867 | JV5: 45868 | JW5: 45869 | JX5: 45870 | JY5: 45871 | JZ5: 45872 | KA5: 45873 | KB5: 45874 | KC5: 45875 | KD5: 45876 | KE5: 45877 | KF5: 45878 | KG5: 45879 | KH5: 45880 | KI5: 45881 | KJ5: 45882 | KK5: 45883 | KL5: 45884 | KM5: 45885 | KN5: 45886 | KO5: 45887 | KP5: 45888 | KQ5: 45889 | KR5: 45890 | KS5: 45891 | KT5: 45892 | KU5: 45893 | KV5: 45894 | KW5: 45895 | KX5: 45896 | KY5: 45897 | KZ5: 45898 | LA5: 45899 | LB5: 45900 | LC5: 45901 | LD5: 45902 | LE5: 45903 | LF5: 45904 | LG5: 45905 | LH5: 45906 | LI5: 45907 | LJ5: 45908 | LK5: 45909 | LL5: 45910 | LM5: 45911 | LN5: 45912 | LO5: 45913 | LP5: 45914 | LQ5: 45915 | LR5: 45916 | LS5: 45917 | LT5: 45918 | LU5: 45919 | LV5: 45920 | LW5: 45921 | LX5: 45922 | LY5: 45923 | LZ5: 45924 | MA5: 45925 | MB5: 45926 | MC5: 45927 | MD5: 45928 | ME5: 45929 | MF5: 45930 | MG5: 45931 | MH5: 45932 | MI5: 45933 | MJ5: 45934 | MK5: 45935 | ML5: 45936 | MM5: 45937 | MN5: 45938 | MO5: 45939 | MP5: 45940 | MQ5: 45941 | MR5: 45942 | MS5: 45943 | MT5: 45944 | MU5: 45945 | MV5: 45946 | MW5: 45947 | MX5: 45948 | MY5: 45949 | MZ5: 45950 | NA5: 45951 | NB5: 45952 | NC5: 45953 | ND5: 45954 | NE5: 45955 | NF5: 45956 | NG5: 45957 | NH5: 45958 | NI5: 45959 | NJ5: 45960 | NK5: 45961 | NL5: 45962 | NM5: 45963 | NN5: 45964 | NO5: 45965 | NP5: 45966 | NQ5: 45967 | NR5: 45968 | NS5: 45969 | NT5: 45970 | NU5: 45971 | NV5: 45972 | NW5: 45973 | NX5: 45974 | NY5: 45975 | NZ5: 45976 | OA5: 45977 | OB5: 45978 | OC5: 45979 | OD5: 45980 | OE5: 45981 | OF5: 45982 | OG5: 45983 | OH5: 45984 | OI5: 45985 | OJ5: 45986 | OK5: 45987 | OL5: 45988 | OM5: 45989 | ON5: 45990 | OO5: 45991 | OP5: 45992 | OQ5: 45993 | OR5: 45994 | OS5: 45995 | OT5: 45996 | OU5: 45997 | OV5: 45998 | OW5: 45999 | OX5: 46000 | OY5: 46001 | OZ5: 46002 | PA5: 46003 | PB5: 46004 | PC5: 46005 | PD5: 46006 | PE5: 46007 | PF5: 46008 | PG5: 46009 | PH5: 46010 | PI5: 46011 | PJ5: 46012 | PK5: 46013 | PL5: 46014 | PM5: 46015 | PN5: 46016 | PO5: 46017 | PP5: 46018 | PQ5: 46019 | PR5: 46020 | PS5: 46021 | PT5: 46022 | PU5: 46023 | PV5: 46024 | PW5: 46025 | PX5: 46026 | PY5: 46027 | PZ5: 46028 | QA5: 46029 | QB5: 46030 | QC5: 46031 | QD5: 46032 | QE5: 46033 | QF5: 46034 | QG5: 46035 | QH5: 46036 | QI5: 46037 | QJ5: 46038 | QK5: 46039 | QL5: 46040 | QM5: 46041 | QN5: 46042 | QO5: 46043 | QP5: 46044 | QQ5: 46045 | QR5: 46046 | QS5: 46047 | QT5: 46048 | QU5: 46049 | QV5: 46050 | QW5: 46051 | QX5: 46052 | QY5: 46053 | QZ5: 46054 | RA5: 46055 | RB5: 46056 | RC5: 46057 | RD5: 46058 | RE5: 46059 | RF5: 46060 | RG5: 46061 | RH5: 46062 | RI5: 46063 | RJ5: 46064 | RK5: 46065 | RL5: 46066 | RM5: 46067 | RN5: 46068 | RO5: 46069 | RP5: 46070 | RQ5: 46071 | RR5: 46072 | RS5: 46073 | RT5: 46074 | RU5: 46075 | RV5: 46076 | RW5: 46077 | RX5: 46078 | RY5: 46079 | RZ5: 46080 | SA5: 46081
K6: 1 | L6: =+K6+1 -> 2 | M6: =+L6+1 -> 3 | N6: =+M6+1 -> 4 | O6: =+N6+1 -> 5 | P6: =+O6+1 -> 6 | Q6: =+P6+1 -> 7 | R6: =+Q6+1 -> 8 | S6: =+R6+1 -> 9 | ... AN6: =+AM6+1 -> 30 | AO6: 1 | AP6: =+AO6+1 -> 2 | AQ6: =+AP6+1 -> 3 | AR6: =+AQ6+1 -> 4 | AS6: =+AR6+1 -> 5 | AT6: =+AS6+1 -> 6 | AU6: =+AT6+1 -> 7 | AV6: =+AU6+1 -> 8 | AW6: =+AV6+1 -> 9 | ... BS6: =+BR6+1 -> 31 | BT6: 1 | BU6: =+BT6+1 -> 2 | BV6: =+BU6+1 -> 3 | BW6: =+BV6+1 -> 4 | BX6: =+BW6+1 -> 5 | BY6: =+BX6+1 -> 6 | BZ6: =+BY6+1 -> 7 | CA6: =+BZ6+1 -> 8 | CB6: =+CA6+1 -> 9 | ... CX6: =+CW6+1 -> 31 | CY6: 1 | CZ6: =+CY6+1 -> 2 | DA6: =+CZ6+1 -> 3 | DB6: =+DA6+1 -> 4 | DC6: =+DB6+1 -> 5 | DD6: =+DC6+1 -> 6 | DE6: =+DD6+1 -> 7 | DF6: =+DE6+1 -> 8 | DG6: =+DF6+1 -> 9 | ... DZ6: =+DY6+1 -> 28 | EA6: 1 | EB6: =+EA6+1 -> 2 | EC6: =+EB6+1 -> 3 | ED6: =+EC6+1 -> 4 | EE6: =+ED6+1 -> 5 | EF6: =+EE6+1 -> 6 | EG6: =+EF6+1 -> 7 | EH6: =+EG6+1 -> 8 | EI6: =+EH6+1 -> 9 | ... FE6: =+FD6+1 -> 31 | FF6: 1 | FG6: =+FF6+1 -> 2 | FH6: =+FG6+1 -> 3 | FI6: =+FH6+1 -> 4 | FJ6: =+FI6+1 -> 5 | FK6: =+FJ6+1 -> 6 | FL6: =+FK6+1 -> 7 | FM6: =+FL6+1 -> 8 | FN6: =+FM6+1 -> 9 | ... GI6: =+GH6+1 -> 30 | GJ6: 1 | GK6: =+GJ6+1 -> 2 | GL6: =+GK6+1 -> 3 | GM6: =+GL6+1 -> 4 | GN6: =+GM6+1 -> 5 | GO6: =+GN6+1 -> 6 | GP6: =+GO6+1 -> 7 | GQ6: =+GP6+1 -> 8 | GR6: =+GQ6+1 -> 9 | ... HN6: =+HM6+1 -> 31 | HO6: 1 | HP6: =+HO6+1 -> 2 | HQ6: =+HP6+1 -> 3 | HR6: =+HQ6+1 -> 4 | HS6: =+HR6+1 -> 5 | HT6: =+HS6+1 -> 6 | HU6: =+HT6+1 -> 7 | HV6: =+HU6+1 -> 8 | HW6: =+HV6+1 -> 9 | ... IR6: =+IQ6+1 -> 30 | IS6: 1 | IT6: =+IS6+1 -> 2 | IU6: =+IT6+1 -> 3 | IV6: =+IU6+1 -> 4 | IW6: =+IV6+1 -> 5 | IX6: =+IW6+1 -> 6 | IY6: =+IX6+1 -> 7 | IZ6: =+IY6+1 -> 8 | JA6: =+IZ6+1 -> 9 | ... JW6: =+JV6+1 -> 31 | JX6: 1 | JY6: =+JX6+1 -> 2 | JZ6: =+JY6+1 -> 3 | KA6: =+JZ6+1 -> 4 | KB6: =+KA6+1 -> 5 | KC6: =+KB6+1 -> 6 | KD6: =+KC6+1 -> 7 | KE6: =+KD6+1 -> 8 | KF6: =+KE6+1 -> 9 | ... LB6: =+LA6+1 -> 31 | LC6: 1 | LD6: =+LC6+1 -> 2 | LE6: =+LD6+1 -> 3 | LF6: =+LE6+1 -> 4 | LG6: =+LF6+1 -> 5 | LH6: =+LG6+1 -> 6 | LI6: =+LH6+1 -> 7 | LJ6: =+LI6+1 -> 8 | LK6: =+LJ6+1 -> 9 | ... MF6: =+ME6+1 -> 30 | MG6: 1 | MH6: =+MG6+1 -> 2 | MI6: =+MH6+1 -> 3 | MJ6: =+MI6+1 -> 4 | MK6: =+MJ6+1 -> 5 | ML6: =+MK6+1 -> 6 | MM6: =+ML6+1 -> 7 | MN6: =+MM6+1 -> 8 | MO6: =+MN6+1 -> 9 | ... NK6: =+NJ6+1 -> 31 | NL6: 1 | NM6: =+NL6+1 -> 2 | NN6: =+NM6+1 -> 3 | NO6: =+NN6+1 -> 4 | NP6: =+NO6+1 -> 5 | NQ6: =+NP6+1 -> 6 | NR6: =+NQ6+1 -> 7 | NS6: =+NR6+1 -> 8 | NT6: =+NS6+1 -> 9 | ... OO6: =+ON6+1 -> 30 | OP6: 1 | OQ6: =+OP6+1 -> 2 | OR6: =+OQ6+1 -> 3 | OS6: =+OR6+1 -> 4 | OT6: =+OS6+1 -> 5 | OU6: =+OT6+1 -> 6 | OV6: =+OU6+1 -> 7 | OW6: =+OV6+1 -> 8 | OX6: =+OW6+1 -> 9 | ... PT6: =+PS6+1 -> 31 | PU6: 1 | PV6: =+PU6+1 -> 2 | PW6: =+PV6+1 -> 3 | PX6: =+PW6+1 -> 4 | PY6: =+PX6+1 -> 5 | PZ6: =+PY6+1 -> 6 | QA6: =+PZ6+1 -> 7 | QB6: =+QA6+1 -> 8 | QC6: =+QB6+1 -> 9 | ... QY6: =+QX6+1 -> 31 | QZ6: 1 | RA6: =+QZ6+1 -> 2 | RB6: =+RA6+1 -> 3 | RC6: =+RB6+1 -> 4 | RD6: =+RC6+1 -> 5 | RE6: =+RD6+1 -> 6 | RF6: =+RE6+1 -> 7 | RG6: =+RF6+1 -> 8 | RH6: =+RG6+1 -> 9 | ... SA6: =+RZ6+1 -> 28
K7: 金 | L7: 土 | M7: 日 | N7: 月 | O7: 火 | P7: 水 | Q7: 木 | R7: 金 | S7: 土 | T7: 日 | U7: 月 | V7: 火 | W7: 水 | X7: 木 | Y7: 金 | Z7: 土 | AA7: 日 | AB7: 月 | AC7: 火 | AD7: 水 | AE7: 木 | AF7: 金 | AG7: 土 | AH7: 日 | AI7: 月 | AJ7: 火 | AK7: 水 | AL7: 木 | AM7: 金 | AN7: 土 | AO7: 日 | AP7: 月 | AQ7: 火 | AR7: 水 | AS7: 木 | AT7: 金 | AU7: 土 | AV7: 日 | AW7: 月 | AX7: 火 | AY7: 水 | AZ7: 木 | BA7: 金 | BB7: 土 | BC7: 日 | BD7: 月 | BE7: 火 | BF7: 水 | BG7: 木 | BH7: 金 | BI7: 土 | BJ7: 日 | BK7: 月 | BL7: 火 | BM7: 水 | BN7: 木 | BO7: 金 | BP7: 土 | BQ7: 日 | BR7: 月 | BS7: 火 | BT7: 水 | BU7: 木 | BV7: 金 | BW7: 土 | BX7: 日 | BY7: 月 | BZ7: 火 | CA7: 水 | CB7: 木 | CC7: 金 | CD7: 土 | CE7: 日 | CF7: 月 | CG7: 火 | CH7: 水 | CI7: 木 | CJ7: 金 | CK7: 土 | CL7: 日 | CM7: 月 | CN7: 火 | CO7: 水 | CP7: 木 | CQ7: 金 | CR7: 土 | CS7: 日 | CT7: 月 | CU7: 火 | CV7: 水 | CW7: 木 | CX7: 金 | CY7: 土 | CZ7: 日 | DA7: 月 | DB7: 火 | DC7: 水 | DD7: 木 | DE7: 金 | DF7: 土 | DG7: 日 | DH7: 月 | DI7: 火 | DJ7: 水 | DK7: 木 | DL7: 金 | DM7: 土 | DN7: 日 | DO7: 月 | DP7: 火 | DQ7: 水 | DR7: 木 | DS7: 金 | DT7: 土 | DU7: 日 | DV7: 月 | DW7: 火 | DX7: 水 | DY7: 木 | DZ7: 金 | EA7: 土 | EB7: 日 | EC7: 月 | ED7: 火 | EE7: 水 | EF7: 木 | EG7: 金 | EH7: 土 | EI7: 日 | EJ7: 月 | EK7: 火 | EL7: 水 | EM7: 木 | EN7: 金 | EO7: 土 | EP7: 日 | EQ7: 月 | ER7: 火 | ES7: 水 | ET7: 木 | EU7: 金 | EV7: 土 | EW7: 日 | EX7: 月 | EY7: 火 | EZ7: 水 | FA7: 木 | FB7: 金 | FC7: 土 | FD7: 日 | FE7: 月 | FF7: 火 | FG7: 水 | FH7: 木 | FI7: 金 | FJ7: 土 | FK7: 日 | FL7: 月 | FM7: 火 | FN7: 水 | FO7: 木 | FP7: 金 | FQ7: 土 | FR7: 日 | FS7: 月 | FT7: 火 | FU7: 水 | FV7: 木 | FW7: 金 | FX7: 土 | FY7: 日 | FZ7: 月 | GA7: 火 | GB7: 水 | GC7: 木 | GD7: 金 | GE7: 土 | GF7: 日 | GG7: 月 | GH7: 火 | GI7: 水 | GJ7: 木 | GK7: 金 | GL7: 土 | GM7: 日 | GN7: 月 | GO7: 火 | GP7: 水 | GQ7: 木 | GR7: 金 | GS7: 土 | GT7: 日 | GU7: 月 | GV7: 火 | GW7: 水 | GX7: 木 | GY7: 金 | GZ7: 土 | HA7: 日 | HB7: 月 | HC7: 火 | HD7: 水 | HE7: 木 | HF7: 金 | HG7: 土 | HH7: 日 | HI7: 月 | HJ7: 火 | HK7: 水 | HL7: 木 | HM7: 金 | HN7: 土 | HO7: 日 | HP7: 月 | HQ7: 火 | HR7: 水 | HS7: 木 | HT7: 金 | HU7: 土 | HV7: 日 | HW7: 月 | HX7: 火 | HY7: 水 | HZ7: 木 | IA7: 金 | IB7: 土 | IC7: 日 | ID7: 月 | IE7: 火 | IF7: 水 | IG7: 木 | IH7: 金 | II7: 土 | IJ7: 日 | IK7: 月 | IL7: 火 | IM7: 水 | IN7: 木 | IO7: 金 | IP7: 土 | IQ7: 日 | IR7: 月 | IS7: 火 | IT7: 水 | IU7: 木 | IV7: 金 | IW7: 土 | IX7: 日 | IY7: 月 | IZ7: 火 | JA7: 水 | JB7: 木 | JC7: 金 | JD7: 土 | JE7: 日 | JF7: 月 | JG7: 火 | JH7: 水 | JI7: 木 | JJ7: 金 | JK7: 土 | JL7: 日 | JM7: 月 | JN7: 火 | JO7: 水 | JP7: 木 | JQ7: 金 | JR7: 土 | JS7: 日 | JT7: 月 | JU7: 火 | JV7: 水 | JW7: 木 | JX7: 金 | JY7: 土 | JZ7: 日 | KA7: 月 | KB7: 火 | KC7: 水 | KD7: 木 | KE7: 金 | KF7: 土 | KG7: 日 | KH7: 月 | KI7: 火 | KJ7: 水 | KK7: 木 | KL7: 金 | KM7: 土 | KN7: 日 | KO7: 月 | KP7: 火 | KQ7: 水 | KR7: 木 | KS7: 金 | KT7: 土 | KU7: 日 | KV7: 月 | KW7: 火 | KX7: 水 | KY7: 木 | KZ7: 金 | LA7: 土 | LB7: 日 | LC7: 月 | LD7: 火 | LE7: 水 | LF7: 木 | LG7: 金 | LH7: 土 | LI7: 日 | LJ7: 月 | LK7: 火 | LL7: 水 | LM7: 木 | LN7: 金 | LO7: 土 | LP7: 日 | LQ7: 月 | LR7: 火 | LS7: 水 | LT7: 木 | LU7: 金 | LV7: 土 | LW7: 日 | LX7: 月 | LY7: 火 | LZ7: 水 | MA7: 木 | MB7: 金 | MC7: 土 | MD7: 日 | ME7: 月 | MF7: 火 | MG7: 水 | MH7: 木 | MI7: 金 | MJ7: 土 | MK7: 日 | ML7: 月 | MM7: 火 | MN7: 水 | MO7: 木 | MP7: 金 | MQ7: 土 | MR7: 日 | MS7: 月 | MT7: 火 | MU7: 水 | MV7: 木 | MW7: 金 | MX7: 土 | MY7: 日 | MZ7: 月 | NA7: 火 | NB7: 水 | NC7: 木 | ND7: 金 | NE7: 土 | NF7: 日 | NG7: 月 | NH7: 火 | NI7: 水 | NJ7: 木 | NK7: 金 | NL7: 土 | NM7: 日 | NN7: 月 | NO7: 火 | NP7: 水 | NQ7: 木 | NR7: 金 | NS7: 土 | NT7: 日 | NU7: 月 | NV7: 火 | NW7: 水 | NX7: 木 | NY7: 金 | NZ7: 土 | OA7: 日 | OB7: 月 | OC7: 火 | OD7: 水 | OE7: 木 | OF7: 金 | OG7: 土 | OH7: 日 | OI7: 月 | OJ7: 火 | OK7: 水 | OL7: 木 | OM7: 金 | ON7: 土 | OO7: 日 | OP7: 月 | OQ7: 火 | OR7: 水 | OS7: 木 | OT7: 金 | OU7: 土 | OV7: 日 | OW7: 月 | OX7: 火 | OY7: 水 | OZ7: 木 | PA7: 金 | PB7: 土 | PC7: 日 | PD7: 月 | PE7: 火 | PF7: 水 | PG7: 木 | PH7: 金 | PI7: 土 | PJ7: 日 | PK7: 月 | PL7: 火 | PM7: 水 | PN7: 木 | PO7: 金 | PP7: 土 | PQ7: 日 | PR7: 月 | PS7: 火 | PT7: 水 | PU7: 木 | PV7: 金 | PW7: 土 | PX7: 日 | PY7: 月 | PZ7: 火 | QA7: 水 | QB7: 木 | QC7: 金 | QD7: 土 | QE7: 日 | QF7: 月 | QG7: 火 | QH7: 水 | QI7: 木 | QJ7: 金 | QK7: 土 | QL7: 日 | QM7: 月 | QN7: 火 | QO7: 水 | QP7: 木 | QQ7: 金 | QR7: 土 | QS7: 日 | QT7: 月 | QU7: 火 | QV7: 水 | QW7: 木 | QX7: 金 | QY7: 土 | QZ7: 日 | RA7: 月 | RB7: 火 | RC7: 水 | RD7: 木 | RE7: 金 | RF7: 土 | RG7: 日 | RH7: 月 | RI7: 火 | RJ7: 水 | RK7: 木 | RL7: 金 | RM7: 土 | RN7: 日 | RO7: 月 | RP7: 火 | RQ7: 水 | RR7: 木 | RS7: 金 | RT7: 土 | RU7: 日 | RV7: 月 | RW7: 火 | RX7: 水 | RY7: 木 | RZ7: 金 | SA7: 土
B8: 2809 | C8: ー | D8: ー | E8: 受注説明会 | F8: 社内製作仕様書 | G8: 岡本 | H8: 1 | I8: 45597 | J8: 45597
E9: 設計・出図 | F9: 出図状況
E10: 計画設計 | G10: 宮崎 | H10: 1 | I10: 45622 | J10: 45622
E11: 計画図客先提出 | G11: 岡本 | H11: 1 | I11: 45623 | J11: 45632
E12: 客先承認 | G12: ー | H12: 1 | I12: 45635 | J12: 45646
E13: 操作盤外形図検討 | F13: 電気工程会議議事録 | G13: 電気技術 | H13: 1 | I13: 45649 | J13: 45653
E14: 外形図客先提出 | G14: 電気技術 | H14: 1 | I14: 45663 | J14: 45667
E15: 電気図面設計 | G15: 電気技術 | H15: 1 | I15: 45670 | J15: 45674
E16: 電気図面客先提出 | G16: 電気技術 | H16: 1 | I16: 45677 | J16: 45681
E17: 客先承認 | G17: ー | H17: 1 | I17: 45684 | J17: 45688
E18: 長納期購入品検討＆手配 | F18: 長納期品手配状況 | G18: 製造管理 | H18: 1 | I18: 45689 | J18: 45695
E19: 電気品 筐体手配 | G19: 電気技術 | H19: 1 | I19: 45698 | J19: 45702
E20: 長納期製作品手配＆手配 | G20: 製造管理 | H20: 1 | I20: 45689 | J20: 45838
E21: 出図進捗 | F21: 出図状況 | G21: 宮崎 | H21: 1 | I21: 45698 | J21: 45709
E22: 製作品納期 | F22: Production Control | G22: 製造管理 | H22: 1 | I22: 45839 | J22: 45869
E23: 組立図進捗 | F23: 出図状況 | G23: ー | H23: 1 | I23: 45839 | J23: 45869
E24: 神戸納入予定日 | F24: Production Control | G24: 製造管理 | H24: 1 | I24: 45839 | J24: 45869
E25: 艤装出図進捗 | F25: 出図状況 | G25: 電気技術 | H25: 1 | I25: 45778 | J25: 45808
E26: 製作品納期 | F26: Production Control | G26: 製造管理 | H26: 1 | I26: 45717 | J26: 45874
E27: 艤装組立図進捗 | F27: 出図状況 | G27: 電気技術 | H27: 1 | I27: 45782 | J27: 45869
E28: 神戸納入予定日 | F28: Production Control | G28: 製造管理 | H28: 1 | I28: 45839 | J28: 45869
E29: 最終電気図面 | F29: 電気工程会議議事録 | G29: 電気技術 | H29: 1 | I29: 45809 | J29: 45818
C30: EN | D30: ー | E30: 盤組立 | F30: 組立工程表 | G30: 守時 | H30: 1 | I30: 45873 | J30: 45891
C31: FL | D31: ー | E31: 盤組立 | G31: 守時 | H31: 1 | I31: 45887 | J31: 45898
E32: 組立期間 | G32: ー | H32: 1 | I32: 45887 | J32: 45940
E33: 塗装 | H33: 1 | I33: 45879 | J33: 45889
E34: 組立 | H34: 1 | I34: 45879 | J34: 45889
E35: 据付 | H35: 1 | I35: 45879 | J35: 45889
C36: FL | D36: ー | E36: 組立 | G36: 米澤 | H36: 1 | I36: 45887 | J36: 46003
D37: ー | E37: 電気艤装 | G37: 木村(至) | H37: 1 | I37: 45985 | J37: 46003
C38: SW | D38: ー | E38: 組立 | G38: 桂/長谷川 | H38: 1 | I38: 45887 | J38: 46003
D39: ー | E39: 電気艤装 | G39: 木村(至) | H39: 1 | I39: 45992 | J39: 46010
C40: UC | D40: ー | E40: 組立 | G40: 桂 | H40: 1 | I40: 45887 | J40: 46017
D41: ー | E41: 電気艤装 | G41: 木村(至) | H41: 1 | I41: 45992 | J41: 46017
C42: LM | D42: ー | E42: 組立 | G42: 香西 | H42: 1 | I42: 45866 | J42: 45891
C43: LE | E43: 組立 | G43: 山下 | H43: 1 | I43: 45901 | J43: 45940
C44: FL | D44: 全て | E44: 外観検査 | F44: 工程会議議事録 | G44: 品証 | H44: 1 | I44: 46007 | J44: 46007
C45: UC | D45: 全て | E45: 外観検査 | G45: 品証 | H45: 1 | I45: 46028 | J45: 46028
C46: 全て | D46: 全て | E46: タスクリスト作成 | F46: ENタスクリスト | G46: 製造管理 | H46: 1 | I46: 46007 | J46: 46007
E47: IOチェック | F47: 操業工程表 | H47: 1 | I47: 46008 | J47: 46010
E48: 単体動作確認 | H48: 1 | I48: 46013 | J48: 46015
E49: 全体動作確認 | H49: 1 | I49: 46016 | J49: 46017
E50: プログラム調整 | I50: 46028 | J50: 46031
E51: 機械調整 | I51: 46031 | J51: 46033
E52: サイクルタイム確認 | I52: 46037 | J52: 46038
C53: ー | D53: ー | E53: 客先立会 | F53: 工程会議議事録 | G53: 岡本 | H53: 1 | I53: 46035 | J53: 46035
C54: 全て | D54: 全て | E54: 出荷確認会議 | G54: 品証 | I54: 46036 | J54: 46036
C55: ー | D55: ー | E55: 出荷準備 | F55: 組立工程表 | G55: ー | I55: 46041 | J55: 46052
C56: FL | D56: ー | E56: 出荷 | G56: 米澤 | I56: 46056 | J56: 46056
C57: UC | D57: ー | E57: 出荷 | G57: 桂 | I57: 46057 | J57: 46057
C58: 全て | D58: 全て | E58: 出荷 | F58: 出荷入荷予定一覧 | G58: 古賀 | I58: 46058 | J58: 46058

Sheet 具体例 (2)
C2: 工事番号 | D2: 大項目 | E2: 項目 | F2: 機械 | G2: ユニット | H2: 担当者 | I2: 達成率 | J2: リンク先 | K2: 開始日 | L2: 終了日 | M2: 2024年 | AQ2: 2024年 | BV2: 2025年 | DA2: 2025年 | EC2: 2025年 | FH2: 2025年 | GL2: 2025年 | HQ2: 2025年 | IU2: 2025年 | JZ2: 2025年 | LE2: 2025年 | MI2: 2025年 | NN2: 2025年 | OR2: 2025年 | PW2: 2026年 | RB2: 2026年
M3: 11月 | AQ3: 12月 | BV3: 1月 | DA3: 2月 | EC3: 3月 | FH3: 4月 | GL3: 5月 | HQ3: 6月 | IU3: 7月 | JZ3: 8月 | LE3: 9月 | MI3: 10月 | NN3: 11月 | OR3: 12月 | PW3: 1月 | RB3: 2月
M4: =+_xlfn.XLOOKUP("月",M$7,M$6,0) -> 0 | N4: =+_xlfn.XLOOKUP("月",N$7,N$6,0) -> 0 | O4: =+_xlfn.XLOOKUP("月",O$7,O$6,0) -> 0 | P4: =+_xlfn.XLOOKUP("月",P$7,P$6,0) -> 4 | Q4: =+_xlfn.XLOOKUP("月",Q$7,Q$6,0) -> 0 | R4: =+_xlfn.XLOOKUP("月",R$7,R$6,0) -> 0 | S4: =+_xlfn.XLOOKUP("月",S$7,S$6,0) -> 0 | T4: =+_xlfn.XLOOKUP("月",T$7,T$6,0) -> 0 | ... SC4: =+_xlfn.XLOOKUP("月",SC$7,SC$6,0) -> 0
M5: 45597 | N5: 45598 | O5: 45599 | P5: 45600 | Q5: 45601 | R5: 45602 | S5: 45603 | T5: 45604 | U5: 45605 | V5: 45606 | W5: 45607 | X5: 45608 | Y5: 45609 | Z5: 45610 | AA5: 45611 | AB5: 45612 | AC5: 45613 | AD5: 45614 | AE5: 45615 | AF5: 45616 | AG5: 45617 | AH5: 45618 | AI5: 45619 | AJ5: 45620 | AK5: 45621 | AL5: 45622 | AM5: 45623 | AN5: 45624 | AO5: 45625 | AP5: 45626 | AQ5: 45627 | AR5: 45628 | AS5: 45629 | AT5: 45630 | AU5: 45631 | AV5: 45632 | AW5: 45633 | AX5: 45634 | AY5: 45635 | AZ5: 45636 | BA5: 45637 | BB5: 45638 | BC5: 45639 | BD5: 45640 | BE5: 45641 | BF5: 45642 | BG5: 45643 | BH5: 45644 | BI5: 45645 | BJ5: 45646 | BK5: 45647 | BL5: 45648 | BM5: 45649 | BN5: 45650 | BO5: 45651 | BP5: 45652 | BQ5: 45653 | BR5: 45654 | BS5: 45655 | BT5: 45656 | BU5: 45657 | BV5: 45658 | BW5: 45659 | BX5: 45660 | BY5: 45661 | BZ5: 45662 | CA5: 45663 | CB5: 45664 | CC5: 45665 | CD5: 45666 | CE5: 45667 | CF5: 45668 | CG5: 45669 | CH5: 45670 | CI5: 45671 | CJ5: 45672 | CK5: 45673 | CL5: 45674 | CM5: 45675 | CN5: 45676 | CO5: 45677 | CP5: 45678 | CQ5: 45679 | CR5: 45680 | CS5: 45681 | CT5: 45682 | CU5: 45683 | CV5: 45684 | CW5: 45685 | CX5: 45686 | CY5: 45687 | CZ5: 45688 | DA5: 45689 | DB5: 45690 | DC5: 45691 | DD5: 45692 | DE5: 45693 | DF5: 45694 | DG5: 45695 | DH5: 45696 | DI5: 45697 | DJ5: 45698 | DK5: 45699 | DL5: 45700 | DM5: 45701 | DN5: 45702 | DO5: 45703 | DP5: 45704 | DQ5: 45705 | DR5: 45706 | DS5: 45707 | DT5: 45708 | DU5: 45709 | DV5: 45710 | DW5: 45711 | DX5: 45712 | DY5: 45713 | DZ5: 45714 | EA5: 45715 | EB5: 45716 | EC5: 45717 | ED5: 45718 | EE5: 45719 | EF5: 45720 | EG5: 45721 | EH5: 45722 | EI5: 45723 | EJ5: 45724 | EK5: 45725 | EL5: 45726 | EM5: 45727 | EN5: 45728 | EO5: 45729 | EP5: 45730 | EQ5: 45731 | ER5: 45732 | ES5: 45733 | ET5: 45734 | EU5: 45735 | EV5: 45736 | EW5: 45737 | EX5: 45738 | EY5: 45739 | EZ5: 45740 | FA5: 45741 | FB5: 45742 | FC5: 45743 | FD5: 45744 | FE5: 45745 | FF5: 45746 | FG5: 45747 | FH5: 45748 | FI5: 45749 | FJ5: 45750 | FK5: 45751 | FL5: 45752 | FM5: 45753 | FN5: 45754 | FO5: 45755 | FP5: 45756 | FQ5: 45757 | FR5: 45758 | FS5: 45759 | FT5: 45760 | FU5: 45761 | FV5: 45762 | FW5: 45763 | FX5: 45764 | FY5: 45765 | FZ5: 45766 | GA5: 45767 | GB5: 45768 | GC5: 45769 | GD5: 45770 | GE5: 45771 | GF5: 45772 | GG5: 45773 | GH5: 45774 | GI5: 45775 | GJ5: 45776 | GK5: 45777 | GL5: 45778 | GM5: 45779 | GN5: 45780 | GO5: 45781 | GP5: 45782 | GQ5: 45783 | GR5: 45784 | GS5: 45785 | GT5: 45786 | GU5: 45787 | GV5: 45788 | GW5: 45789 | GX5: 45790 | GY5: 45791 | GZ5: 45792 | HA5: 45793 | HB5: 45794 | HC5: 45795 | HD5: 45796 | HE5: 45797 | HF5: 45798 | HG5: 45799 | HH5: 45800 | HI5: 45801 | HJ5: 45802 | HK5: 45803 | HL5: 45804 | HM5: 45805 | HN5: 45806 | HO5: 45807 | HP5: 45808 | HQ5: 45809 | HR5: 45810 | HS5: 45811 | HT5: 45812 | HU5: 45813 | HV5: 45814 | HW5: 45815 | HX5: 45816 | HY5: 45817 | HZ5: 45818 | IA5: 45819 | IB5: 45820 | IC5: 45821 | ID5: 45822 | IE5: 45823 | IF5: 45824 | IG5: 45825 | IH5: 45826 | II5: 45827 | IJ5: 45828 | IK5: 45829 | IL5: 45830 | IM5: 45831 | IN5: 45832 | IO5: 45833 | IP5: 45834 | IQ5: 45835 | IR5: 45836 | IS5: 45837 | IT5: 45838 | IU5: 45839 | IV5: 45840 | IW5: 45841 | IX5: 45842 | IY5: 45843 | IZ5: 45844 | JA5: 45845 | JB5: 45846 | JC5: 45847 | JD5: 45848 | JE5: 45849 | JF5: 45850 | JG5: 45851 | JH5: 45852 | JI5: 45853 | JJ5: 45854 | JK5: 45855 | JL5: 45856 | JM5: 45857 | JN5: 45858 | JO5: 45859 | JP5: 45860 | JQ5: 45861 | JR5: 45862 | JS5: 45863 | JT5: 45864 | JU5: 45865 | JV5: 45866 | JW5: 45867 | JX5: 45868 | JY5: 45869 | JZ5: 45870 | KA5: 45871 | KB5: 45872 | KC5: 45873 | KD5: 45874 | KE5: 45875 | KF5: 45876 | KG5: 45877 | KH5: 45878 | KI5: 45879 | KJ5: 45880 | KK5: 45881 | KL5: 45882 | KM5: 45883 | KN5: 45884 | KO5: 45885 | KP5: 45886 | KQ5: 45887 | KR5: 45888 | KS5: 45889 | KT5: 45890 | KU5: 45891 | KV5: 45892 | KW5: 45893 | KX5: 45894 | KY5: 45895 | KZ5: 45896 | LA5: 45897 | LB5: 45898 | LC5: 45899 | LD5: 45900 | LE5: 45901 | LF5: 45902 | LG5: 45903 | LH5: 45904 | LI5: 45905 | LJ5: 45906 | LK5: 45907 | LL5: 45908 | LM5: 45909 | LN5: 45910 | LO5: 45911 | LP5: 45912 | LQ5: 45913 | LR5: 45914 | LS5: 45915 | LT5: 45916 | LU5: 45917 | LV5: 45918 | LW5: 45919 | LX5: 45920 | LY5: 45921 | LZ5: 45922 | MA5: 45923 | MB5: 45924 | MC5: 45925 | MD5: 45926 | ME5: 45927 | MF5: 45928 | MG5: 45929 | MH5: 45930 | MI5: 45931 | MJ5: 45932 | MK5: 45933 | ML5: 45934 | MM5: 45935 | MN5: 45936 | MO5: 45937 | MP5: 45938 | MQ5: 45939 | MR5: 45940 | MS5: 45941 | MT5: 45942 | MU5: 45943 | MV5: 45944 | MW5: 45945 | MX5: 45946 | MY5: 45947 | MZ5: 45948 | NA5: 45949 | NB5: 45950 | NC5: 45951 | ND5: 45952 | NE5: 45953 | NF5: 45954 | NG5: 45955 | NH5: 45956 | NI5: 45957 | NJ5: 45958 | NK5: 45959 | NL5: 45960 | NM5: 45961 | NN5: 45962 | NO5: 45963 | NP5: 45964 | NQ5: 45965 | NR5: 45966 | NS5: 45967 | NT5: 45968 | NU5: 45969 | NV5: 45970 | NW5: 45971 | NX5: 45972 | NY5: 45973 | NZ5: 45974 | OA5: 45975 | OB5: 45976 | OC5: 45977 | OD5: 45978 | OE5: 45979 | OF5: 45980 | OG5: 45981 | OH5: 45982 | OI5: 45983 | OJ5: 45984 | OK5: 45985 | OL5: 45986 | OM5: 45987 | ON5: 45988 | OO5: 45989 | OP5: 45990 | OQ5: 45991 | OR5: 45992 | OS5: 45993 | OT5: 45994 | OU5: 45995 | OV5: 45996 | OW5: 45997 | OX5: 45998 | OY5: 45999 | OZ5: 46000 | PA5: 46001 | PB5: 46002 | PC5: 46003 | PD5: 46004 | PE5: 46005 | PF5: 46006 | PG5: 46007 | PH5: 46008 | PI5: 46009 | PJ5: 46010 | PK5: 46011 | PL5: 46012 | PM5: 46013 | PN5: 46014 | PO5: 46015 | PP5: 46016 | PQ5: 46017 | PR5: 46018 | PS5: 46019 | PT5: 46020 | PU5: 46021 | PV5: 46022 | PW5: 46023 | PX5: 46024 | PY5: 46025 | PZ5: 46026 | QA5: 46027 | QB5: 46028 | QC5: 46029 | QD5: 46030 | QE5: 46031 | QF5: 46032 | QG5: 46033 | QH5: 46034 | QI5: 46035 | QJ5: 46036 | QK5: 46037 | QL5: 46038 | QM5: 46039 | QN5: 46040 | QO5: 46041 | QP5: 46042 | QQ5: 46043 | QR5: 46044 | QS5: 46045 | QT5: 46046 | QU5: 46047 | QV5: 46048 | QW5: 46049 | QX5: 46050 | QY5: 46051 | QZ5: 46052 | RA5: 46053 | RB5: 46054 | RC5: 46055 | RD5: 46056 | RE5: 46057 | RF5: 46058 | RG5: 46059 | RH5: 46060 | RI5: 46061 | RJ5: 46062 | RK5: 46063 | RL5: 46064 | RM5: 46065 | RN5: 46066 | RO5: 46067 | RP5: 46068 | RQ5: 46069 | RR5: 46070 | RS5: 46071 | RT5: 46072 | RU5: 46073 | RV5: 46074 | RW5: 46075 | RX5: 46076 | RY5: 46077 | RZ5: 46078 | SA5: 46079 | SB5: 46080 | SC5: 46081
M6: 1 | N6: =+M6+1 -> 2 | O6: =+N6+1 -> 3 | P6: =+O6+1 -> 4 | Q6: =+P6+1 -> 5 | R6: =+Q6+1 -> 6 | S6: =+R6+1 -> 7 | T6: =+S6+1 -> 8 | U6: =+T6+1 -> 9 | ... AP6: =+AO6+1 -> 30 | AQ6: 1 | AR6: =+AQ6+1 -> 2 | AS6: =+AR6+1 -> 3 | AT6: =+AS6+1 -> 4 | AU6: =+AT6+1 -> 5 | AV6: =+AU6+1 -> 6 | AW6: =+AV6+1 -> 7 | AX6: =+AW6+1 -> 8 | AY6: =+AX6+1 -> 9 | ... BU6: =+BT6+1 -> 31 | BV6: 1 | BW6: =+BV6+1 -> 2 | BX6: =+BW6+1 -> 3 | BY6: =+BX6+1 -> 4 | BZ6: =+BY6+1 -> 5 | CA6: =+BZ6+1 -> 6 | CB6: =+CA6+1 -> 7 | CC6: =+CB6+1 -> 8 | CD6: =+CC6+1 -> 9 | ... CZ6: =+CY6+1 -> 31 | DA6: 1 | DB6: =+DA6+1 -> 2 | DC6: =+DB6+1 -> 3 | DD6: =+DC6+1 -> 4 | DE6: =+DD6+1 -> 5 | DF6: =+DE6+1 -> 6 | DG6: =+DF6+1 -> 7 | DH6: =+DG6+1 -> 8 | DI6: =+DH6+1 -> 9 | ... EB6: =+EA6+1 -> 28 | EC6: 1 | ED6: =+EC6+1 -> 2 | EE6: =+ED6+1 -> 3 | EF6: =+EE6+1 -> 4 | EG6: =+EF6+1 -> 5 | EH6: =+EG6+1 -> 6 | EI6: =+EH6+1 -> 7 | EJ6: =+EI6+1 -> 8 | EK6: =+EJ6+1 -> 9 | ... FG6: =+FF6+1 -> 31 | FH6: 1 | FI6: =+FH6+1 -> 2 | FJ6: =+FI6+1 -> 3 | FK6: =+FJ6+1 -> 4 | FL6: =+FK6+1 -> 5 | FM6: =+FL6+1 -> 6 | FN6: =+FM6+1 -> 7 | FO6: =+FN6+1 -> 8 | FP6: =+FO6+1 -> 9 | ... GK6: =+GJ6+1 -> 30 | GL6: 1 | GM6: =+GL6+1 -> 2 | GN6: =+GM6+1 -> 3 | GO6: =+GN6+1 -> 4 | GP6: =+GO6+1 -> 5 | GQ6: =+GP6+1 -> 6 | GR6: =+GQ6+1 -> 7 | GS6: =+GR6+1 -> 8 | GT6: =+GS6+1 -> 9 | ... HP6: =+HO6+1 -> 31 | HQ6: 1 | HR6: =+HQ6+1 -> 2 | HS6: =+HR6+1 -> 3 | HT6: =+HS6+1 -> 4 | HU6: =+HT6+1 -> 5 | HV6: =+HU6+1 -> 6 | HW6: =+HV6+1 -> 7 | HX6: =+HW6+1 -> 8 | HY6: =+HX6+1 -> 9 | ... IT6: =+IS6+1 -> 30 | IU6: 1 | IV6: =+IU6+1 -> 2 | IW6: =+IV6+1 -> 3 | IX6: =+IW6+1 -> 4 | IY6: =+IX6+1 -> 5 | IZ6: =+IY6+1 -> 6 | JA6: =+IZ6+1 -> 7 | JB6: =+JA6+1 -> 8 | JC6: =+JB6+1 -> 9 | ... JY6: =+JX6+1 -> 31 | JZ6: 1 | KA6: =+JZ6+1 -> 2 | KB6: =+KA6+1 -> 3 | KC6: =+KB6+1 -> 4 | KD6: =+KC6+1 -> 5 | KE6: =+KD6+1 -> 6 | KF6: =+KE6+1 -> 7 | KG6: =+KF6+1 -> 8 | KH6: =+KG6+1 -> 9 | ... LD6: =+LC6+1 -> 31 | LE6: 1 | LF6: =+LE6+1 -> 2 | LG6: =+LF6+1 -> 3 | LH6: =+LG6+1 -> 4 | LI6: =+LH6+1 -> 5 | LJ6: =+LI6+1 -> 6 | LK6: =+LJ6+1 -> 7 | LL6: =+LK6+1 -> 8 | LM6: =+LL6+1 -> 9 | ... MH6: =+MG6+1 -> 30 | MI6: 1 | MJ6: =+MI6+1 -> 2 | MK6: =+MJ6+1 -> 3 | ML6: =+MK6+1 -> 4 | MM6: =+ML6+1 -> 5 | MN6: =+MM6+1 -> 6 | MO6: =+MN6+1 -> 7 | MP6: =+MO6+1 -> 8 | MQ6: =+MP6+1 -> 9 | ... NM6: =+NL6+1 -> 31 | NN6: 1 | NO6: =+NN6+1 -> 2 | NP6: =+NO6+1 -> 3 | NQ6: =+NP6+1 -> 4 | NR6: =+NQ6+1 -> 5 | NS6: =+NR6+1 -> 6 | NT6: =+NS6+1 -> 7 | NU6: =+NT6+1 -> 8 | NV6: =+NU6+1 -> 9 | ... OQ6: =+OP6+1 -> 30 | OR6: 1 | OS6: =+OR6+1 -> 2 | OT6: =+OS6+1 -> 3 | OU6: =+OT6+1 -> 4 | OV6: =+OU6+1 -> 5 | OW6: =+OV6+1 -> 6 | OX6: =+OW6+1 -> 7 | OY6: =+OX6+1 -> 8 | OZ6: =+OY6+1 -> 9 | ... PV6: =+PU6+1 -> 31 | PW6: 1 | PX6: =+PW6+1 -> 2 | PY6: =+PX6+1 -> 3 | PZ6: =+PY6+1 -> 4 | QA6: =+PZ6+1 -> 5 | QB6: =+QA6+1 -> 6 | QC6: =+QB6+1 -> 7 | QD6: =+QC6+1 -> 8 | QE6: =+QD6+1 -> 9 | ... RA6: =+QZ6+1 -> 31 | RB6: 1 | RC6: =+RB6+1 -> 2 | RD6: =+RC6+1 -> 3 | RE6: =+RD6+1 -> 4 | RF6: =+RE6+1 -> 5 | RG6: =+RF6+1 -> 6 | RH6: =+RG6+1 -> 7 | RI6: =+RH6+1 -> 8 | RJ6: =+RI6+1 -> 9 | ... SC6: =+SB6+1 -> 28
M7: 金 | N7: 土 | O7: 日 | P7: 月 | Q7: 火 | R7: 水 | S7: 木 | T7: 金 | U7: 土 | V7: 日 | W7: 月 | X7: 火 | Y7: 水 | Z7: 木 | AA7: 金 | AB7: 土 | AC7: 日 | AD7: 月 | AE7: 火 | AF7: 水 | AG7: 木 | AH7: 金 | AI7: 土 | AJ7: 日 | AK7: 月 | AL7: 火 | AM7: 水 | AN7: 木 | AO7: 金 | AP7: 土 | AQ7: 日 | AR7: 月 | AS7: 火 | AT7: 水 | AU7: 木 | AV7: 金 | AW7: 土 | AX7: 日 | AY7: 月 | AZ7: 火 | BA7: 水 | BB7: 木 | BC7: 金 | BD7: 土 | BE7: 日 | BF7: 月 | BG7: 火 | BH7: 水 | BI7: 木 | BJ7: 金 | BK7: 土 | BL7: 日 | BM7: 月 | BN7: 火 | BO7: 水 | BP7: 木 | BQ7: 金 | BR7: 土 | BS7: 日 | BT7: 月 | BU7: 火 | BV7: 水 | BW7: 木 | BX7: 金 | BY7: 土 | BZ7: 日 | CA7: 月 | CB7: 火 | CC7: 水 | CD7: 木 | CE7: 金 | CF7: 土 | CG7: 日 | CH7: 月 | CI7: 火 | CJ7: 水 | CK7: 木 | CL7: 金 | CM7: 土 | CN7: 日 | CO7: 月 | CP7: 火 | CQ7: 水 | CR7: 木 | CS7: 金 | CT7: 土 | CU7: 日 | CV7: 月 | CW7: 火 | CX7: 水 | CY7: 木 | CZ7: 金 | DA7: 土 | DB7: 日 | DC7: 月 | DD7: 火 | DE7: 水 | DF7: 木 | DG7: 金 | DH7: 土 | DI7: 日 | DJ7: 月 | DK7: 火 | DL7: 水 | DM7: 木 | DN7: 金 | DO7: 土 | DP7: 日 | DQ7: 月 | DR7: 火 | DS7: 水 | DT7: 木 | DU7: 金 | DV7: 土 | DW7: 日 | DX7: 月 | DY7: 火 | DZ7: 水 | EA7: 木 | EB7: 金 | EC7: 土 | ED7: 日 | EE7: 月 | EF7: 火 | EG7: 水 | EH7: 木 | EI7: 金 | EJ7: 土 | EK7: 日 | EL7: 月 | EM7: 火 | EN7: 水 | EO7: 木 | EP7: 金 | EQ7: 土 | ER7: 日 | ES7: 月 | ET7: 火 | EU7: 水 | EV7: 木 | EW7: 金 | EX7: 土 | EY7: 日 | EZ7: 月 | FA7: 火 | FB7: 水 | FC7: 木 | FD7: 金 | FE7: 土 | FF7: 日 | FG7: 月 | FH7: 火 | FI7: 水 | FJ7: 木 | FK7: 金 | FL7: 土 | FM7: 日 | FN7: 月 | FO7: 火 | FP7: 水 | FQ7: 木 | FR7: 金 | FS7: 土 | FT7: 日 | FU7: 月 | FV7: 火 | FW7: 水 | FX7: 木 | FY7: 金 | FZ7: 土 | GA7: 日 | GB7: 月 | GC7: 火 | GD7: 水 | GE7: 木 | GF7: 金 | GG7: 土 | GH7: 日 | GI7: 月 | GJ7: 火 | GK7: 水 | GL7: 木 | GM7: 金 | GN7: 土 | GO7: 日 | GP7: 月 | GQ7: 火 | GR7: 水 | GS7: 木 | GT7: 金 | GU7: 土 | GV7: 日 | GW7: 月 | GX7: 火 | GY7: 水 | GZ7: 木 | HA7: 金 | HB7: 土 | HC7: 日 | HD7: 月 | HE7: 火 | HF7: 水 | HG7: 木 | HH7: 金 | HI7: 土 | HJ7: 日 | HK7: 月 | HL7: 火 | HM7: 水 | HN7: 木 | HO7: 金 | HP7: 土 | HQ7: 日 | HR7: 月 | HS7: 火 | HT7: 水 | HU7: 木 | HV7: 金 | HW7: 土 | HX7: 日 | HY7: 月 | HZ7: 火 | IA7: 水 | IB7: 木 | IC7: 金 | ID7: 土 | IE7: 日 | IF7: 月 | IG7: 火 | IH7: 水 | II7: 木 | IJ7: 金 | IK7: 土 | IL7: 日 | IM7: 月 | IN7: 火 | IO7: 水 | IP7: 木 | IQ7: 金 | IR7: 土 | IS7: 日 | IT7: 月 | IU7: 火 | IV7: 水 | IW7: 木 | IX7: 金 | IY7: 土 | IZ7: 日 | JA7: 月 | JB7: 火 | JC7: 水 | JD7: 木 | JE7: 金 | JF7: 土 | JG7: 日 | JH7: 月 | JI7: 火 | JJ7: 水 | JK7: 木 | JL7: 金 | JM7: 土 | JN7: 日 | JO7: 月 | JP7: 火 | JQ7: 水 | JR7: 木 | JS7: 金 | JT7: 土 | JU7: 日 | JV7: 月 | JW7: 火 | JX7: 水 | JY7: 木 | JZ7: 金 | KA7: 土 | KB7: 日 | KC7: 月 | KD7: 火 | KE7: 水 | KF7: 木 | KG7: 金 | KH7: 土 | KI7: 日 | KJ7: 月 | KK7: 火 | KL7: 水 | KM7: 木 | KN7: 金 | KO7: 土 | KP7: 日 | KQ7: 月 | KR7: 火 | KS7: 水 | KT7: 木 | KU7: 金 | KV7: 土 | KW7: 日 | KX7: 月 | KY7: 火 | KZ7: 水 | LA7: 木 | LB7: 金 | LC7: 土 | LD7: 日 | LE7: 月 | LF7: 火 | LG7: 水 | LH7: 木 | LI7: 金 | LJ7: 土 | LK7: 日 | LL7: 月 | LM7: 火 | LN7: 水 | LO7: 木 | LP7: 金 | LQ7: 土 | LR7: 日 | LS7: 月 | LT7: 火 | LU7: 水 | LV7: 木 | LW7: 金 | LX7: 土 | LY7: 日 | LZ7: 月 | MA7: 火 | MB7: 水 | MC7: 木 | MD7: 金 | ME7: 土 | MF7: 日 | MG7: 月 | MH7: 火 | MI7: 水 | MJ7: 木 | MK7: 金 | ML7: 土 | MM7: 日 | MN7: 月 | MO7: 火 | MP7: 水 | MQ7: 木 | MR7: 金 | MS7: 土 | MT7: 日 | MU7: 月 | MV7: 火 | MW7: 水 | MX7: 木 | MY7: 金 | MZ7: 土 | NA7: 日 | NB7: 月 | NC7: 火 | ND7: 水 | NE7: 木 | NF7: 金 | NG7: 土 | NH7: 日 | NI7: 月 | NJ7: 火 | NK7: 水 | NL7: 木 | NM7: 金 | NN7: 土 | NO7: 日 | NP7: 月 | NQ7: 火 | NR7: 水 | NS7: 木 | NT7: 金 | NU7: 土 | NV7: 日 | NW7: 月 | NX7: 火 | NY7: 水 | NZ7: 木 | OA7: 金 | OB7: 土 | OC7: 日 | OD7: 月 | OE7: 火 | OF7: 水 | OG7: 木 | OH7: 金 | OI7: 土 | OJ7: 日 | OK7: 月 | OL7: 火 | OM7: 水 | ON7: 木 | OO7: 金 | OP7: 土 | OQ7: 日 | OR7: 月 | OS7: 火 | OT7: 水 | OU7: 木 | OV7: 金 | OW7: 土 | OX7: 日 | OY7: 月 | OZ7: 火 | PA7: 水 | PB7: 木 | PC7: 金 | PD7: 土 | PE7: 日 | PF7: 月 | PG7: 火 | PH7: 水 | PI7: 木 | PJ7: 金 | PK7: 土 | PL7: 日 | PM7: 月 | PN7: 火 | PO7: 水 | PP7: 木 | PQ7: 金 | PR7: 土 | PS7: 日 | PT7: 月 | PU7: 火 | PV7: 水 | PW7: 木 | PX7: 金 | PY7: 土 | PZ7: 日 | QA7: 月 | QB7: 火 | QC7: 水 | QD7: 木 | QE7: 金 | QF7: 土 | QG7: 日 | QH7: 月 | QI7: 火 | QJ7: 水 | QK7: 木 | QL7: 金 | QM7: 土 | QN7: 日 | QO7: 月 | QP7: 火 | QQ7: 水 | QR7: 木 | QS7: 金 | QT7: 土 | QU7: 日 | QV7: 月 | QW7: 火 | QX7: 水 | QY7: 木 | QZ7: 金 | RA7: 土 | RB7: 日 | RC7: 月 | RD7: 火 | RE7: 水 | RF7: 木 | RG7: 金 | RH7: 土 | RI7: 日 | RJ7: 月 | RK7: 火 | RL7: 水 | RM7: 木 | RN7: 金 | RO7: 土 | RP7: 日 | RQ7: 月 | RR7: 火 | RS7: 水 | RT7: 木 | RU7: 金 | RV7: 土 | RW7: 日 | RX7: 月 | RY7: 火 | RZ7: 水 | SA7: 木 | SB7: 金 | SC7: 土
B8: 2809 | C8: 2809 | D8: 受注 | E8: 受注説明会 | F8: 全て | G8: ー | H8: 岡本 | I8: 完了 | J8: 社内製作仕様書 | K8: 45597 | L8: 45597 | M8: =IF(AND(M$5>=$K8, M$5<=$L8, WEEKDAY(M$5, 2)<6), LEFT($H8, 1), "") -> 岡 | N8: =IF(AND(N$5>=$K8, N$5<=$L8, WEEKDAY(N$5, 2)<6), LEFT($H8, 1), "") | O8: =IF(AND(O$5>=$K8, O$5<=$L8, WEEKDAY(O$5, 2)<6), LEFT($H8, 1), "") | P8: =IF(AND(P$5>=$K8, P$5<=$L8, WEEKDAY(P$5, 2)<6), LEFT($H8, 1), "") | Q8: =IF(AND(Q$5>=$K8, Q$5<=$L8, WEEKDAY(Q$5, 2)<6), LEFT($H8, 1), "") | R8: =IF(AND(R$5>=$K8, R$5<=$L8, WEEKDAY(R$5, 2)<6), LEFT($H8, 1), "") | S8: =IF(AND(S$5>=$K8, S$5<=$L8, WEEKDAY(S$5, 2)<6), LEFT($H8, 1), "") | T8: =IF(AND(T$5>=$K8, T$5<=$L8, WEEKDAY(T$5, 2)<6), LEFT($H8, 1), "") | ... SC8: =IF(AND(SC$5>=$K8, SC$5<=$L8, WEEKDAY(SC$5, 2)<6), LEFT($H8, 1), "")
B9: 2809 | D9: 計画・承認 | E9: 計画設計 | H9: 宮崎 | I9: 完了 | J9: 出図状況 | K9: 45622 | L9: 45622 | M9: =IF(AND(M$5>=$K9, M$5<=$L9, WEEKDAY(M$5, 2)<6), LEFT($H9, 1), "") | N9: =IF(AND(N$5>=$K9, N$5<=$L9, WEEKDAY(N$5, 2)<6), LEFT($H9, 1), "") | O9: =IF(AND(O$5>=$K9, O$5<=$L9, WEEKDAY(O$5, 2)<6), LEFT($H9, 1), "") | P9: =IF(AND(P$5>=$K9, P$5<=$L9, WEEKDAY(P$5, 2)<6), LEFT($H9, 1), "") | Q9: =IF(AND(Q$5>=$K9, Q$5<=$L9, WEEKDAY(Q$5, 2)<6), LEFT($H9, 1), "") | R9: =IF(AND(R$5>=$K9, R$5<=$L9, WEEKDAY(R$5, 2)<6), LEFT($H9, 1), "") | S9: =IF(AND(S$5>=$K9, S$5<=$L9, WEEKDAY(S$5, 2)<6), LEFT($H9, 1), "") | T9: =IF(AND(T$5>=$K9, T$5<=$L9, WEEKDAY(T$5, 2)<6), LEFT($H9, 1), "") | ... SC9: =IF(AND(SC$5>=$K9, SC$5<=$L9, WEEKDAY(SC$5, 2)<6), LEFT($H9, 1), "")
B10: 2809 | E10: 計画図客先提出 | H10: 岡本 | I10: 完了 | K10: 45623 | L10: 45632 | M10: =IF(AND(M$5>=$K10, M$5<=$L10, WEEKDAY(M$5, 2)<6), LEFT($H10, 1), "") | N10: =IF(AND(N$5>=$K10, N$5<=$L10, WEEKDAY(N$5, 2)<6), LEFT($H10, 1), "") | O10: =IF(AND(O$5>=$K10, O$5<=$L10, WEEKDAY(O$5, 2)<6), LEFT($H10, 1), "") | P10: =IF(AND(P$5>=$K10, P$5<=$L10, WEEKDAY(P$5, 2)<6), LEFT($H10, 1), "") | Q10: =IF(AND(Q$5>=$K10, Q$5<=$L10, WEEKDAY(Q$5, 2)<6), LEFT($H10, 1), "") | R10: =IF(AND(R$5>=$K10, R$5<=$L10, WEEKDAY(R$5, 2)<6), LEFT($H10, 1), "") | S10: =IF(AND(S$5>=$K10, S$5<=$L10, WEEKDAY(S$5, 2)<6), LEFT($H10, 1), "") | T10: =IF(AND(T$5>=$K10, T$5<=$L10, WEEKDAY(T$5, 2)<6), LEFT($H10, 1), "") | ... SC10: =IF(AND(SC$5>=$K10, SC$5<=$L10, WEEKDAY(SC$5, 2)<6), LEFT($H10, 1), "")
B11: 2809 | E11: 客先承認 | H11: ー | I11: 完了 | K11: 45635 | L11: 45646 | M11: =IF(AND(M$5>=$K11, M$5<=$L11, WEEKDAY(M$5, 2)<6), LEFT($H11, 1), "") | N11: =IF(AND(N$5>=$K11, N$5<=$L11, WEEKDAY(N$5, 2)<6), LEFT($H11, 1), "") | O11: =IF(AND(O$5>=$K11, O$5<=$L11, WEEKDAY(O$5, 2)<6), LEFT($H11, 1), "") | P11: =IF(AND(P$5>=$K11, P$5<=$L11, WEEKDAY(P$5, 2)<6), LEFT($H11, 1), "") | Q11: =IF(AND(Q$5>=$K11, Q$5<=$L11, WEEKDAY(Q$5, 2)<6), LEFT($H11, 1), "") | R11: =IF(AND(R$5>=$K11, R$5<=$L11, WEEKDAY(R$5, 2)<6), LEFT($H11, 1), "") | S11: =IF(AND(S$5>=$K11, S$5<=$L11, WEEKDAY(S$5, 2)<6), LEFT($H11, 1), "") | T11: =IF(AND(T$5>=$K11, T$5<=$L11, WEEKDAY(T$5, 2)<6), LEFT($H11, 1), "") | ... SC11: =IF(AND(SC$5>=$K11, SC$5<=$L11, WEEKDAY(SC$5, 2)<6), LEFT($H11, 1), "")
B12: 2809 | E12: 操作盤外形図検討 | H12: 電気技術 | I12: 完了 | J12: 電気工程会議 | K12: 45649 | L12: 45653 | M12: =IF(AND(M$5>=$K12, M$5<=$L12, WEEKDAY(M$5, 2)<6), LEFT($H12, 1), "") | N12: =IF(AND(N$5>=$K12, N$5<=$L12, WEEKDAY(N$5, 2)<6), LEFT($H12, 1), "") | O12: =IF(AND(O$5>=$K12, O$5<=$L12, WEEKDAY(O$5, 2)<6), LEFT($H12, 1), "") | P12: =IF(AND(P$5>=$K12, P$5<=$L12, WEEKDAY(P$5, 2)<6), LEFT($H12, 1), "") | Q12: =IF(AND(Q$5>=$K12, Q$5<=$L12, WEEKDAY(Q$5, 2)<6), LEFT($H12, 1), "") | R12: =IF(AND(R$5>=$K12, R$5<=$L12, WEEKDAY(R$5, 2)<6), LEFT($H12, 1), "") | S12: =IF(AND(S$5>=$K12, S$5<=$L12, WEEKDAY(S$5, 2)<6), LEFT($H12, 1), "") | T12: =IF(AND(T$5>=$K12, T$5<=$L12, WEEKDAY(T$5, 2)<6), LEFT($H12, 1), "") | ... SC12: =IF(AND(SC$5>=$K12, SC$5<=$L12, WEEKDAY(SC$5, 2)<6), LEFT($H12, 1), "")
B13: 2809 | E13: 外形図客先提出 | H13: 電気技術 | I13: 完了 | K13: 45663 | L13: 45667 | M13: =IF(AND(M$5>=$K13, M$5<=$L13, WEEKDAY(M$5, 2)<6), LEFT($H13, 1), "") | N13: =IF(AND(N$5>=$K13, N$5<=$L13, WEEKDAY(N$5, 2)<6), LEFT($H13, 1), "") | O13: =IF(AND(O$5>=$K13, O$5<=$L13, WEEKDAY(O$5, 2)<6), LEFT($H13, 1), "") | P13: =IF(AND(P$5>=$K13, P$5<=$L13, WEEKDAY(P$5, 2)<6), LEFT($H13, 1), "") | Q13: =IF(AND(Q$5>=$K13, Q$5<=$L13, WEEKDAY(Q$5, 2)<6), LEFT($H13, 1), "") | R13: =IF(AND(R$5>=$K13, R$5<=$L13, WEEKDAY(R$5, 2)<6), LEFT($H13, 1), "") | S13: =IF(AND(S$5>=$K13, S$5<=$L13, WEEKDAY(S$5, 2)<6), LEFT($H13, 1), "") | T13: =IF(AND(T$5>=$K13, T$5<=$L13, WEEKDAY(T$5, 2)<6), LEFT($H13, 1), "") | ... SC13: =IF(AND(SC$5>=$K13, SC$5<=$L13, WEEKDAY(SC$5, 2)<6), LEFT($H13, 1), "")
B14: 2809 | E14: 電気図面設計 | H14: 電気技術 | I14: 完了 | K14: 45670 | L14: 45674 | M14: =IF(AND(M$5>=$K14, M$5<=$L14, WEEKDAY(M$5, 2)<6), LEFT($H14, 1), "") | N14: =IF(AND(N$5>=$K14, N$5<=$L14, WEEKDAY(N$5, 2)<6), LEFT($H14, 1), "") | O14: =IF(AND(O$5>=$K14, O$5<=$L14, WEEKDAY(O$5, 2)<6), LEFT($H14, 1), "") | P14: =IF(AND(P$5>=$K14, P$5<=$L14, WEEKDAY(P$5, 2)<6), LEFT($H14, 1), "") | Q14: =IF(AND(Q$5>=$K14, Q$5<=$L14, WEEKDAY(Q$5, 2)<6), LEFT($H14, 1), "") | R14: =IF(AND(R$5>=$K14, R$5<=$L14, WEEKDAY(R$5, 2)<6), LEFT($H14, 1), "") | S14: =IF(AND(S$5>=$K14, S$5<=$L14, WEEKDAY(S$5, 2)<6), LEFT($H14, 1), "") | T14: =IF(AND(T$5>=$K14, T$5<=$L14, WEEKDAY(T$5, 2)<6), LEFT($H14, 1), "") | ... SC14: =IF(AND(SC$5>=$K14, SC$5<=$L14, WEEKDAY(SC$5, 2)<6), LEFT($H14, 1), "")
B15: 2809 | E15: 電気図面客先提出 | H15: 電気技術 | I15: 完了 | K15: 45677 | L15: 45681 | M15: =IF(AND(M$5>=$K15, M$5<=$L15, WEEKDAY(M$5, 2)<6), LEFT($H15, 1), "") | N15: =IF(AND(N$5>=$K15, N$5<=$L15, WEEKDAY(N$5, 2)<6), LEFT($H15, 1), "") | O15: =IF(AND(O$5>=$K15, O$5<=$L15, WEEKDAY(O$5, 2)<6), LEFT($H15, 1), "") | P15: =IF(AND(P$5>=$K15, P$5<=$L15, WEEKDAY(P$5, 2)<6), LEFT($H15, 1), "") | Q15: =IF(AND(Q$5>=$K15, Q$5<=$L15, WEEKDAY(Q$5, 2)<6), LEFT($H15, 1), "") | R15: =IF(AND(R$5>=$K15, R$5<=$L15, WEEKDAY(R$5, 2)<6), LEFT($H15, 1), "") | S15: =IF(AND(S$5>=$K15, S$5<=$L15, WEEKDAY(S$5, 2)<6), LEFT($H15, 1), "") | T15: =IF(AND(T$5>=$K15, T$5<=$L15, WEEKDAY(T$5, 2)<6), LEFT($H15, 1), "") | ... SC15: =IF(AND(SC$5>=$K15, SC$5<=$L15, WEEKDAY(SC$5, 2)<6), LEFT($H15, 1), "")
B16: 2809 | E16: 客先承認 | H16: ー | I16: 完了 | K16: 45684 | L16: 45688 | M16: =IF(AND(M$5>=$K16, M$5<=$L16, WEEKDAY(M$5, 2)<6), LEFT($H16, 1), "") | N16: =IF(AND(N$5>=$K16, N$5<=$L16, WEEKDAY(N$5, 2)<6), LEFT($H16, 1), "") | O16: =IF(AND(O$5>=$K16, O$5<=$L16, WEEKDAY(O$5, 2)<6), LEFT($H16, 1), "") | P16: =IF(AND(P$5>=$K16, P$5<=$L16, WEEKDAY(P$5, 2)<6), LEFT($H16, 1), "") | Q16: =IF(AND(Q$5>=$K16, Q$5<=$L16, WEEKDAY(Q$5, 2)<6), LEFT($H16, 1), "") | R16: =IF(AND(R$5>=$K16, R$5<=$L16, WEEKDAY(R$5, 2)<6), LEFT($H16, 1), "") | S16: =IF(AND(S$5>=$K16, S$5<=$L16, WEEKDAY(S$5, 2)<6), LEFT($H16, 1), "") | T16: =IF(AND(T$5>=$K16, T$5<=$L16, WEEKDAY(T$5, 2)<6), LEFT($H16, 1), "") | ... SC16: =IF(AND(SC$5>=$K16, SC$5<=$L16, WEEKDAY(SC$5, 2)<6), LEFT($H16, 1), "")
B17: 2809 | D17: 手配 | E17: 長納期購入品検討＆手配 | H17: 製造管理 | I17: 完了 | J17: 長納期品手配状況 | K17: 45689 | L17: 45695 | M17: =IF(AND(M$5>=$K17, M$5<=$L17, WEEKDAY(M$5, 2)<6), LEFT($H17, 1), "") | N17: =IF(AND(N$5>=$K17, N$5<=$L17, WEEKDAY(N$5, 2)<6), LEFT($H17, 1), "") | O17: =IF(AND(O$5>=$K17, O$5<=$L17, WEEKDAY(O$5, 2)<6), LEFT($H17, 1), "") | P17: =IF(AND(P$5>=$K17, P$5<=$L17, WEEKDAY(P$5, 2)<6), LEFT($H17, 1), "") | Q17: =IF(AND(Q$5>=$K17, Q$5<=$L17, WEEKDAY(Q$5, 2)<6), LEFT($H17, 1), "") | R17: =IF(AND(R$5>=$K17, R$5<=$L17, WEEKDAY(R$5, 2)<6), LEFT($H17, 1), "") | S17: =IF(AND(S$5>=$K17, S$5<=$L17, WEEKDAY(S$5, 2)<6), LEFT($H17, 1), "") | T17: =IF(AND(T$5>=$K17, T$5<=$L17, WEEKDAY(T$5, 2)<6), LEFT($H17, 1), "") | ... SC17: =IF(AND(SC$5>=$K17, SC$5<=$L17, WEEKDAY(SC$5, 2)<6), LEFT($H17, 1), "")
B18: 2809 | E18: 電気品 筐体手配 | H18: 電気技術 | I18: 完了 | K18: 45698 | L18: 45702 | M18: =IF(AND(M$5>=$K18, M$5<=$L18, WEEKDAY(M$5, 2)<6), LEFT($H18, 1), "") | N18: =IF(AND(N$5>=$K18, N$5<=$L18, WEEKDAY(N$5, 2)<6), LEFT($H18, 1), "") | O18: =IF(AND(O$5>=$K18, O$5<=$L18, WEEKDAY(O$5, 2)<6), LEFT($H18, 1), "") | P18: =IF(AND(P$5>=$K18, P$5<=$L18, WEEKDAY(P$5, 2)<6), LEFT($H18, 1), "") | Q18: =IF(AND(Q$5>=$K18, Q$5<=$L18, WEEKDAY(Q$5, 2)<6), LEFT($H18, 1), "") | R18: =IF(AND(R$5>=$K18, R$5<=$L18, WEEKDAY(R$5, 2)<6), LEFT($H18, 1), "") | S18: =IF(AND(S$5>=$K18, S$5<=$L18, WEEKDAY(S$5, 2)<6), LEFT($H18, 1), "") | T18: =IF(AND(T$5>=$K18, T$5<=$L18, WEEKDAY(T$5, 2)<6), LEFT($H18, 1), "") | ... SC18: =IF(AND(SC$5>=$K18, SC$5<=$L18, WEEKDAY(SC$5, 2)<6), LEFT($H18, 1), "")
B19: 2809 | E19: 長納期製作品手配＆手配 | H19: 製造管理 | I19: 完了 | K19: 45689 | L19: 45838 | M19: =IF(AND(M$5>=$K19, M$5<=$L19, WEEKDAY(M$5, 2)<6), LEFT($H19, 1), "") | N19: =IF(AND(N$5>=$K19, N$5<=$L19, WEEKDAY(N$5, 2)<6), LEFT($H19, 1), "") | O19: =IF(AND(O$5>=$K19, O$5<=$L19, WEEKDAY(O$5, 2)<6), LEFT($H19, 1), "") | P19: =IF(AND(P$5>=$K19, P$5<=$L19, WEEKDAY(P$5, 2)<6), LEFT($H19, 1), "") | Q19: =IF(AND(Q$5>=$K19, Q$5<=$L19, WEEKDAY(Q$5, 2)<6), LEFT($H19, 1), "") | R19: =IF(AND(R$5>=$K19, R$5<=$L19, WEEKDAY(R$5, 2)<6), LEFT($H19, 1), "") | S19: =IF(AND(S$5>=$K19, S$5<=$L19, WEEKDAY(S$5, 2)<6), LEFT($H19, 1), "") | T19: =IF(AND(T$5>=$K19, T$5<=$L19, WEEKDAY(T$5, 2)<6), LEFT($H19, 1), "") | ... SC19: =IF(AND(SC$5>=$K19, SC$5<=$L19, WEEKDAY(SC$5, 2)<6), LEFT($H19, 1), "")
B20: 2809 | D20: 出図 | E20: 出図進捗 | H20: 宮崎 | I20: 完了 | J20: 出図状況 | K20: 45698 | L20: 45709 | M20: =IF(AND(M$5>=$K20, M$5<=$L20, WEEKDAY(M$5, 2)<6), LEFT($H20, 1), "") | N20: =IF(AND(N$5>=$K20, N$5<=$L20, WEEKDAY(N$5, 2)<6), LEFT($H20, 1), "") | O20: =IF(AND(O$5>=$K20, O$5<=$L20, WEEKDAY(O$5, 2)<6), LEFT($H20, 1), "") | P20: =IF(AND(P$5>=$K20, P$5<=$L20, WEEKDAY(P$5, 2)<6), LEFT($H20, 1), "") | Q20: =IF(AND(Q$5>=$K20, Q$5<=$L20, WEEKDAY(Q$5, 2)<6), LEFT($H20, 1), "") | R20: =IF(AND(R$5>=$K20, R$5<=$L20, WEEKDAY(R$5, 2)<6), LEFT($H20, 1), "") | S20: =IF(AND(S$5>=$K20, S$5<=$L20, WEEKDAY(S$5, 2)<6), LEFT($H20, 1), "") | T20: =IF(AND(T$5>=$K20, T$5<=$L20, WEEKDAY(T$5, 2)<6), LEFT($H20, 1), "") | ... SC20: =IF(AND(SC$5>=$K20, SC$5<=$L20, WEEKDAY(SC$5, 2)<6), LEFT($H20, 1), "")
B21: 2809 | E21: 製作品納期 | H21: 製造管理 | I21: 完了 | J21: Production Control | K21: 45839 | L21: 45869 | M21: =IF(AND(M$5>=$K21, M$5<=$L21, WEEKDAY(M$5, 2)<6), LEFT($H21, 1), "") | N21: =IF(AND(N$5>=$K21, N$5<=$L21, WEEKDAY(N$5, 2)<6), LEFT($H21, 1), "") | O21: =IF(AND(O$5>=$K21, O$5<=$L21, WEEKDAY(O$5, 2)<6), LEFT($H21, 1), "") | P21: =IF(AND(P$5>=$K21, P$5<=$L21, WEEKDAY(P$5, 2)<6), LEFT($H21, 1), "") | Q21: =IF(AND(Q$5>=$K21, Q$5<=$L21, WEEKDAY(Q$5, 2)<6), LEFT($H21, 1), "") | R21: =IF(AND(R$5>=$K21, R$5<=$L21, WEEKDAY(R$5, 2)<6), LEFT($H21, 1), "") | S21: =IF(AND(S$5>=$K21, S$5<=$L21, WEEKDAY(S$5, 2)<6), LEFT($H21, 1), "") | T21: =IF(AND(T$5>=$K21, T$5<=$L21, WEEKDAY(T$5, 2)<6), LEFT($H21, 1), "") | ... SC21: =IF(AND(SC$5>=$K21, SC$5<=$L21, WEEKDAY(SC$5, 2)<6), LEFT($H21, 1), "")
B22: 2809 | E22: 組立図進捗 | H22: ー | I22: 完了 | J22: 出図状況 | K22: 45839 | L22: 45869 | M22: =IF(AND(M$5>=$K22, M$5<=$L22, WEEKDAY(M$5, 2)<6), LEFT($H22, 1), "") | N22: =IF(AND(N$5>=$K22, N$5<=$L22, WEEKDAY(N$5, 2)<6), LEFT($H22, 1), "") | O22: =IF(AND(O$5>=$K22, O$5<=$L22, WEEKDAY(O$5, 2)<6), LEFT($H22, 1), "") | P22: =IF(AND(P$5>=$K22, P$5<=$L22, WEEKDAY(P$5, 2)<6), LEFT($H22, 1), "") | Q22: =IF(AND(Q$5>=$K22, Q$5<=$L22, WEEKDAY(Q$5, 2)<6), LEFT($H22, 1), "") | R22: =IF(AND(R$5>=$K22, R$5<=$L22, WEEKDAY(R$5, 2)<6), LEFT($H22, 1), "") | S22: =IF(AND(S$5>=$K22, S$5<=$L22, WEEKDAY(S$5, 2)<6), LEFT($H22, 1), "") | T22: =IF(AND(T$5>=$K22, T$5<=$L22, WEEKDAY(T$5, 2)<6), LEFT($H22, 1), "") | ... SC22: =IF(AND(SC$5>=$K22, SC$5<=$L22, WEEKDAY(SC$5, 2)<6), LEFT($H22, 1), "")
B23: 2809 | E23: 神戸納入予定日 | H23: 製造管理 | I23: 完了 | J23: Production Control | K23: 45839 | L23: 45869 | M23: =IF(AND(M$5>=$K23, M$5<=$L23, WEEKDAY(M$5, 2)<6), LEFT($H23, 1), "") | N23: =IF(AND(N$5>=$K23, N$5<=$L23, WEEKDAY(N$5, 2)<6), LEFT($H23, 1), "") | O23: =IF(AND(O$5>=$K23, O$5<=$L23, WEEKDAY(O$5, 2)<6), LEFT($H23, 1), "") | P23: =IF(AND(P$5>=$K23, P$5<=$L23, WEEKDAY(P$5, 2)<6), LEFT($H23, 1), "") | Q23: =IF(AND(Q$5>=$K23, Q$5<=$L23, WEEKDAY(Q$5, 2)<6), LEFT($H23, 1), "") | R23: =IF(AND(R$5>=$K23, R$5<=$L23, WEEKDAY(R$5, 2)<6), LEFT($H23, 1), "") | S23: =IF(AND(S$5>=$K23, S$5<=$L23, WEEKDAY(S$5, 2)<6), LEFT($H23, 1), "") | T23: =IF(AND(T$5>=$K23, T$5<=$L23, WEEKDAY(T$5, 2)<6), LEFT($H23, 1), "") | ... SC23: =IF(AND(SC$5>=$K23, SC$5<=$L23, WEEKDAY(SC$5, 2)<6), LEFT($H23, 1), "")
B24: 2809 | E24: 艤装出図進捗 | H24: 電気技術 | I24: 完了 | J24: 出図状況 | K24: 45778 | L24: 45808 | M24: =IF(AND(M$5>=$K24, M$5<=$L24, WEEKDAY(M$5, 2)<6), LEFT($H24, 1), "") | N24: =IF(AND(N$5>=$K24, N$5<=$L24, WEEKDAY(N$5, 2)<6), LEFT($H24, 1), "") | O24: =IF(AND(O$5>=$K24, O$5<=$L24, WEEKDAY(O$5, 2)<6), LEFT($H24, 1), "") | P24: =IF(AND(P$5>=$K24, P$5<=$L24, WEEKDAY(P$5, 2)<6), LEFT($H24, 1), "") | Q24: =IF(AND(Q$5>=$K24, Q$5<=$L24, WEEKDAY(Q$5, 2)<6), LEFT($H24, 1), "") | R24: =IF(AND(R$5>=$K24, R$5<=$L24, WEEKDAY(R$5, 2)<6), LEFT($H24, 1), "") | S24: =IF(AND(S$5>=$K24, S$5<=$L24, WEEKDAY(S$5, 2)<6), LEFT($H24, 1), "") | T24: =IF(AND(T$5>=$K24, T$5<=$L24, WEEKDAY(T$5, 2)<6), LEFT($H24, 1), "") | ... SC24: =IF(AND(SC$5>=$K24, SC$5<=$L24, WEEKDAY(SC$5, 2)<6), LEFT($H24, 1), "")
B25: 2809 | E25: 製作品納期 | H25: 製造管理 | I25: 完了 | J25: Production Control | K25: 45717 | L25: 45874 | M25: =IF(AND(M$5>=$K25, M$5<=$L25, WEEKDAY(M$5, 2)<6), LEFT($H25, 1), "") | N25: =IF(AND(N$5>=$K25, N$5<=$L25, WEEKDAY(N$5, 2)<6), LEFT($H25, 1), "") | O25: =IF(AND(O$5>=$K25, O$5<=$L25, WEEKDAY(O$5, 2)<6), LEFT($H25, 1), "") | P25: =IF(AND(P$5>=$K25, P$5<=$L25, WEEKDAY(P$5, 2)<6), LEFT($H25, 1), "") | Q25: =IF(AND(Q$5>=$K25, Q$5<=$L25, WEEKDAY(Q$5, 2)<6), LEFT($H25, 1), "") | R25: =IF(AND(R$5>=$K25, R$5<=$L25, WEEKDAY(R$5, 2)<6), LEFT($H25, 1), "") | S25: =IF(AND(S$5>=$K25, S$5<=$L25, WEEKDAY(S$5, 2)<6), LEFT($H25, 1), "") | T25: =IF(AND(T$5>=$K25, T$5<=$L25, WEEKDAY(T$5, 2)<6), LEFT($H25, 1), "") | ... SC25: =IF(AND(SC$5>=$K25, SC$5<=$L25, WEEKDAY(SC$5, 2)<6), LEFT($H25, 1), "")
B26: 2809 | E26: 艤装組立図進捗 | H26: 電気技術 | I26: 完了 | J26: 出図状況 | K26: 45782 | L26: 45869 | M26: =IF(AND(M$5>=$K26, M$5<=$L26, WEEKDAY(M$5, 2)<6), LEFT($H26, 1), "") | N26: =IF(AND(N$5>=$K26, N$5<=$L26, WEEKDAY(N$5, 2)<6), LEFT($H26, 1), "") | O26: =IF(AND(O$5>=$K26, O$5<=$L26, WEEKDAY(O$5, 2)<6), LEFT($H26, 1), "") | P26: =IF(AND(P$5>=$K26, P$5<=$L26, WEEKDAY(P$5, 2)<6), LEFT($H26, 1), "") | Q26: =IF(AND(Q$5>=$K26, Q$5<=$L26, WEEKDAY(Q$5, 2)<6), LEFT($H26, 1), "") | R26: =IF(AND(R$5>=$K26, R$5<=$L26, WEEKDAY(R$5, 2)<6), LEFT($H26, 1), "") | S26: =IF(AND(S$5>=$K26, S$5<=$L26, WEEKDAY(S$5, 2)<6), LEFT($H26, 1), "") | T26: =IF(AND(T$5>=$K26, T$5<=$L26, WEEKDAY(T$5, 2)<6), LEFT($H26, 1), "") | ... SC26: =IF(AND(SC$5>=$K26, SC$5<=$L26, WEEKDAY(SC$5, 2)<6), LEFT($H26, 1), "")
B27: 2809 | E27: 神戸納入予定日 | H27: 製造管理 | I27: 完了 | J27: Production Control | K27: 45839 | L27: 45869 | M27: =IF(AND(M$5>=$K27, M$5<=$L27, WEEKDAY(M$5, 2)<6), LEFT($H27, 1), "") | N27: =IF(AND(N$5>=$K27, N$5<=$L27, WEEKDAY(N$5, 2)<6), LEFT($H27, 1), "") | O27: =IF(AND(O$5>=$K27, O$5<=$L27, WEEKDAY(O$5, 2)<6), LEFT($H27, 1), "") | P27: =IF(AND(P$5>=$K27, P$5<=$L27, WEEKDAY(P$5, 2)<6), LEFT($H27, 1), "") | Q27: =IF(AND(Q$5>=$K27, Q$5<=$L27, WEEKDAY(Q$5, 2)<6), LEFT($H27, 1), "") | R27: =IF(AND(R$5>=$K27, R$5<=$L27, WEEKDAY(R$5, 2)<6), LEFT($H27, 1), "") | S27: =IF(AND(S$5>=$K27, S$5<=$L27, WEEKDAY(S$5, 2)<6), LEFT($H27, 1), "") | T27: =IF(AND(T$5>=$K27, T$5<=$L27, WEEKDAY(T$5, 2)<6), LEFT($H27, 1), "") | ... SC27: =IF(AND(SC$5>=$K27, SC$5<=$L27, WEEKDAY(SC$5, 2)<6), LEFT($H27, 1), "")
B28: 2809 | E28: 最終電気図面 | H28: 電気技術 | I28: 完了 | J28: 電気工程会議 | K28: 45809 | L28: 45818 | M28: =IF(AND(M$5>=$K28, M$5<=$L28, WEEKDAY(M$5, 2)<6), LEFT($H28, 1), "") | N28: =IF(AND(N$5>=$K28, N$5<=$L28, WEEKDAY(N$5, 2)<6), LEFT($H28, 1), "") | O28: =IF(AND(O$5>=$K28, O$5<=$L28, WEEKDAY(O$5, 2)<6), LEFT($H28, 1), "") | P28: =IF(AND(P$5>=$K28, P$5<=$L28, WEEKDAY(P$5, 2)<6), LEFT($H28, 1), "") | Q28: =IF(AND(Q$5>=$K28, Q$5<=$L28, WEEKDAY(Q$5, 2)<6), LEFT($H28, 1), "") | R28: =IF(AND(R$5>=$K28, R$5<=$L28, WEEKDAY(R$5, 2)<6), LEFT($H28, 1), "") | S28: =IF(AND(S$5>=$K28, S$5<=$L28, WEEKDAY(S$5, 2)<6), LEFT($H28, 1), "") | T28: =IF(AND(T$5>=$K28, T$5<=$L28, WEEKDAY(T$5, 2)<6), LEFT($H28, 1), "") | ... SC28: =IF(AND(SC$5>=$K28, SC$5<=$L28, WEEKDAY(SC$5, 2)<6), LEFT($H28, 1), "")
B29: 2809 | D29: 組立 | E29: 盤組立 | H29: 守時 | I29: 完了 | J29: 組立工程表 | K29: 45873 | L29: 45891 | M29: =IF(AND(M$5>=$K29, M$5<=$L29, WEEKDAY(M$5, 2)<6), LEFT($H29, 1), "") | N29: =IF(AND(N$5>=$K29, N$5<=$L29, WEEKDAY(N$5, 2)<6), LEFT($H29, 1), "") | O29: =IF(AND(O$5>=$K29, O$5<=$L29, WEEKDAY(O$5, 2)<6), LEFT($H29, 1), "") | P29: =IF(AND(P$5>=$K29, P$5<=$L29, WEEKDAY(P$5, 2)<6), LEFT($H29, 1), "") | Q29: =IF(AND(Q$5>=$K29, Q$5<=$L29, WEEKDAY(Q$5, 2)<6), LEFT($H29, 1), "") | R29: =IF(AND(R$5>=$K29, R$5<=$L29, WEEKDAY(R$5, 2)<6), LEFT($H29, 1), "") | S29: =IF(AND(S$5>=$K29, S$5<=$L29, WEEKDAY(S$5, 2)<6), LEFT($H29, 1), "") | T29: =IF(AND(T$5>=$K29, T$5<=$L29, WEEKDAY(T$5, 2)<6), LEFT($H29, 1), "") | ... SC29: =IF(AND(SC$5>=$K29, SC$5<=$L29, WEEKDAY(SC$5, 2)<6), LEFT($H29, 1), "")
B30: 2809 | H30: 守時 | I30: 完了 | K30: 45887 | L30: 45898 | M30: =IF(AND(M$5>=$K30, M$5<=$L30, WEEKDAY(M$5, 2)<6), LEFT($H30, 1), "") | N30: =IF(AND(N$5>=$K30, N$5<=$L30, WEEKDAY(N$5, 2)<6), LEFT($H30, 1), "") | O30: =IF(AND(O$5>=$K30, O$5<=$L30, WEEKDAY(O$5, 2)<6), LEFT($H30, 1), "") | P30: =IF(AND(P$5>=$K30, P$5<=$L30, WEEKDAY(P$5, 2)<6), LEFT($H30, 1), "") | Q30: =IF(AND(Q$5>=$K30, Q$5<=$L30, WEEKDAY(Q$5, 2)<6), LEFT($H30, 1), "") | R30: =IF(AND(R$5>=$K30, R$5<=$L30, WEEKDAY(R$5, 2)<6), LEFT($H30, 1), "") | S30: =IF(AND(S$5>=$K30, S$5<=$L30, WEEKDAY(S$5, 2)<6), LEFT($H30, 1), "") | T30: =IF(AND(T$5>=$K30, T$5<=$L30, WEEKDAY(T$5, 2)<6), LEFT($H30, 1), "") | ... SC30: =IF(AND(SC$5>=$K30, SC$5<=$L30, WEEKDAY(SC$5, 2)<6), LEFT($H30, 1), "")
B31: 2809 | E31: 塗装 | I31: 完了 | M31: =IF(AND(M$5>=$K31, M$5<=$L31, WEEKDAY(M$5, 2)<6), LEFT($H31, 1), "") | N31: =IF(AND(N$5>=$K31, N$5<=$L31, WEEKDAY(N$5, 2)<6), LEFT($H31, 1), "") | O31: =IF(AND(O$5>=$K31, O$5<=$L31, WEEKDAY(O$5, 2)<6), LEFT($H31, 1), "") | P31: =IF(AND(P$5>=$K31, P$5<=$L31, WEEKDAY(P$5, 2)<6), LEFT($H31, 1), "") | Q31: =IF(AND(Q$5>=$K31, Q$5<=$L31, WEEKDAY(Q$5, 2)<6), LEFT($H31, 1), "") | R31: =IF(AND(R$5>=$K31, R$5<=$L31, WEEKDAY(R$5, 2)<6), LEFT($H31, 1), "") | S31: =IF(AND(S$5>=$K31, S$5<=$L31, WEEKDAY(S$5, 2)<6), LEFT($H31, 1), "") | T31: =IF(AND(T$5>=$K31, T$5<=$L31, WEEKDAY(T$5, 2)<6), LEFT($H31, 1), "") | ... SC31: =IF(AND(SC$5>=$K31, SC$5<=$L31, WEEKDAY(SC$5, 2)<6), LEFT($H31, 1), "")
B32: 2809 | E32: 据付 | I32: 完了 | M32: =IF(AND(M$5>=$K32, M$5<=$L32, WEEKDAY(M$5, 2)<6), LEFT($H32, 1), "") | N32: =IF(AND(N$5>=$K32, N$5<=$L32, WEEKDAY(N$5, 2)<6), LEFT($H32, 1), "") | O32: =IF(AND(O$5>=$K32, O$5<=$L32, WEEKDAY(O$5, 2)<6), LEFT($H32, 1), "") | P32: =IF(AND(P$5>=$K32, P$5<=$L32, WEEKDAY(P$5, 2)<6), LEFT($H32, 1), "") | Q32: =IF(AND(Q$5>=$K32, Q$5<=$L32, WEEKDAY(Q$5, 2)<6), LEFT($H32, 1), "") | R32: =IF(AND(R$5>=$K32, R$5<=$L32, WEEKDAY(R$5, 2)<6), LEFT($H32, 1), "") | S32: =IF(AND(S$5>=$K32, S$5<=$L32, WEEKDAY(S$5, 2)<6), LEFT($H32, 1), "") | T32: =IF(AND(T$5>=$K32, T$5<=$L32, WEEKDAY(T$5, 2)<6), LEFT($H32, 1), "") | ... SC32: =IF(AND(SC$5>=$K32, SC$5<=$L32, WEEKDAY(SC$5, 2)<6), LEFT($H32, 1), "")
B33: 2809 | E33: 組立 | F33: FL | G33: GS | H33: 米澤 | I33: 完了 | K33: {=_xlfn.XLOOKUP($C$8&F33,テーブル1!$A:$A&テーブル1!$B:$B,テーブル1!$C:$C, "")} -> 45887 | L33: {=_xlfn.XLOOKUP($C$8&F33,テーブル1!$A:$A&テーブル1!$B:$B,テーブル1!$D:$D, "")} -> 46003 | M33: =IF(AND(M$5>=$K33, M$5<=$L33, WEEKDAY(M$5, 2)<6), LEFT($H33, 1), "") | N33: =IF(AND(N$5>=$K33, N$5<=$L33, WEEKDAY(N$5, 2)<6), LEFT($H33, 1), "") | O33: =IF(AND(O$5>=$K33, O$5<=$L33, WEEKDAY(O$5, 2)<6), LEFT($H33, 1), "") | P33: =IF(AND(P$5>=$K33, P$5<=$L33, WEEKDAY(P$5, 2)<6), LEFT($H33, 1), "") | Q33: =IF(AND(Q$5>=$K33, Q$5<=$L33, WEEKDAY(Q$5, 2)<6), LEFT($H33, 1), "") | R33: =IF(AND(R$5>=$K33, R$5<=$L33, WEEKDAY(R$5, 2)<6), LEFT($H33, 1), "") | S33: =IF(AND(S$5>=$K33, S$5<=$L33, WEEKDAY(S$5, 2)<6), LEFT($H33, 1), "") | T33: =IF(AND(T$5>=$K33, T$5<=$L33, WEEKDAY(T$5, 2)<6), LEFT($H33, 1), "") | ... SC33: =IF(AND(SC$5>=$K33, SC$5<=$L33, WEEKDAY(SC$5, 2)<6), LEFT($H33, 1), "")
B34: 2809 | F34: SW | G34: ー | H34: 古賀 | I34: 完了 | K34: {=_xlfn.XLOOKUP($C$8&F34,テーブル1!$A:$A&テーブル1!$B:$B,テーブル1!$C:$C, "")} -> 45887 | L34: {=_xlfn.XLOOKUP($C$8&F34,テーブル1!$A:$A&テーブル1!$B:$B,テーブル1!$D:$D, "")} -> 46003 | M34: =IF(AND(M$5>=$K34, M$5<=$L34, WEEKDAY(M$5, 2)<6), LEFT($H34, 1), "") | N34: =IF(AND(N$5>=$K34, N$5<=$L34, WEEKDAY(N$5, 2)<6), LEFT($H34, 1), "") | O34: =IF(AND(O$5>=$K34, O$5<=$L34, WEEKDAY(O$5, 2)<6), LEFT($H34, 1), "") | P34: =IF(AND(P$5>=$K34, P$5<=$L34, WEEKDAY(P$5, 2)<6), LEFT($H34, 1), "") | Q34: =IF(AND(Q$5>=$K34, Q$5<=$L34, WEEKDAY(Q$5, 2)<6), LEFT($H34, 1), "") | R34: =IF(AND(R$5>=$K34, R$5<=$L34, WEEKDAY(R$5, 2)<6), LEFT($H34, 1), "") | S34: =IF(AND(S$5>=$K34, S$5<=$L34, WEEKDAY(S$5, 2)<6), LEFT($H34, 1), "") | T34: =IF(AND(T$5>=$K34, T$5<=$L34, WEEKDAY(T$5, 2)<6), LEFT($H34, 1), "") | ... SC34: =IF(AND(SC$5>=$K34, SC$5<=$L34, WEEKDAY(SC$5, 2)<6), LEFT($H34, 1), "")
B35: 2809 | F35: UC | G35: ー | H35: 桂/長谷川 | I35: 完了 | K35: {=_xlfn.XLOOKUP($C$8&F35,テーブル1!$A:$A&テーブル1!$B:$B,テーブル1!$C:$C, "")} -> 45887 | L35: {=_xlfn.XLOOKUP($C$8&F35,テーブル1!$A:$A&テーブル1!$B:$B,テーブル1!$D:$D, "")} -> 46017 | M35: =IF(AND(M$5>=$K35, M$5<=$L35, WEEKDAY(M$5, 2)<6), LEFT($H35, 1), "") | N35: =IF(AND(N$5>=$K35, N$5<=$L35, WEEKDAY(N$5, 2)<6), LEFT($H35, 1), "") | O35: =IF(AND(O$5>=$K35, O$5<=$L35, WEEKDAY(O$5, 2)<6), LEFT($H35, 1), "") | P35: =IF(AND(P$5>=$K35, P$5<=$L35, WEEKDAY(P$5, 2)<6), LEFT($H35, 1), "") | Q35: =IF(AND(Q$5>=$K35, Q$5<=$L35, WEEKDAY(Q$5, 2)<6), LEFT($H35, 1), "") | R35: =IF(AND(R$5>=$K35, R$5<=$L35, WEEKDAY(R$5, 2)<6), LEFT($H35, 1), "") | S35: =IF(AND(S$5>=$K35, S$5<=$L35, WEEKDAY(S$5, 2)<6), LEFT($H35, 1), "") | T35: =IF(AND(T$5>=$K35, T$5<=$L35, WEEKDAY(T$5, 2)<6), LEFT($H35, 1), "") | ... SC35: =IF(AND(SC$5>=$K35, SC$5<=$L35, WEEKDAY(SC$5, 2)<6), LEFT($H35, 1), "")
B36: 2809 | F36: LM | G36: ー | H36: 香西 | I36: 完了 | K36: {=_xlfn.XLOOKUP($C$8&F36,テーブル1!$A:$A&テーブル1!$B:$B,テーブル1!$C:$C, "")} -> 45866 | L36: {=_xlfn.XLOOKUP($C$8&F36,テーブル1!$A:$A&テーブル1!$B:$B,テーブル1!$D:$D, "")} -> 45891 | M36: =IF(AND(M$5>=$K36, M$5<=$L36, WEEKDAY(M$5, 2)<6), LEFT($H36, 1), "") | N36: =IF(AND(N$5>=$K36, N$5<=$L36, WEEKDAY(N$5, 2)<6), LEFT($H36, 1), "") | O36: =IF(AND(O$5>=$K36, O$5<=$L36, WEEKDAY(O$5, 2)<6), LEFT($H36, 1), "") | P36: =IF(AND(P$5>=$K36, P$5<=$L36, WEEKDAY(P$5, 2)<6), LEFT($H36, 1), "") | Q36: =IF(AND(Q$5>=$K36, Q$5<=$L36, WEEKDAY(Q$5, 2)<6), LEFT($H36, 1), "") | R36: =IF(AND(R$5>=$K36, R$5<=$L36, WEEKDAY(R$5, 2)<6), LEFT($H36, 1), "") | S36: =IF(AND(S$5>=$K36, S$5<=$L36, WEEKDAY(S$5, 2)<6), LEFT($H36, 1), "") | T36: =IF(AND(T$5>=$K36, T$5<=$L36, WEEKDAY(T$5, 2)<6), LEFT($H36, 1), "") | ... SC36: =IF(AND(SC$5>=$K36, SC$5<=$L36, WEEKDAY(SC$5, 2)<6), LEFT($H36, 1), "")
B37: 2809 | F37: LE | G37: ー | H37: 山下 | I37: 完了 | K37: {=_xlfn.XLOOKUP($C$8&F37,テーブル1!$A:$A&テーブル1!$B:$B,テーブル1!$C:$C, "")} -> 45901 | L37: {=_xlfn.XLOOKUP($C$8&F37,テーブル1!$A:$A&テーブル1!$B:$B,テーブル1!$D:$D, "")} -> 45940 | M37: =IF(AND(M$5>=$K37, M$5<=$L37, WEEKDAY(M$5, 2)<6), LEFT($H37, 1), "") | N37: =IF(AND(N$5>=$K37, N$5<=$L37, WEEKDAY(N$5, 2)<6), LEFT($H37, 1), "") | O37: =IF(AND(O$5>=$K37, O$5<=$L37, WEEKDAY(O$5, 2)<6), LEFT($H37, 1), "") | P37: =IF(AND(P$5>=$K37, P$5<=$L37, WEEKDAY(P$5, 2)<6), LEFT($H37, 1), "") | Q37: =IF(AND(Q$5>=$K37, Q$5<=$L37, WEEKDAY(Q$5, 2)<6), LEFT($H37, 1), "") | R37: =IF(AND(R$5>=$K37, R$5<=$L37, WEEKDAY(R$5, 2)<6), LEFT($H37, 1), "") | S37: =IF(AND(S$5>=$K37, S$5<=$L37, WEEKDAY(S$5, 2)<6), LEFT($H37, 1), "") | T37: =IF(AND(T$5>=$K37, T$5<=$L37, WEEKDAY(T$5, 2)<6), LEFT($H37, 1), "") | ... SC37: =IF(AND(SC$5>=$K37, SC$5<=$L37, WEEKDAY(SC$5, 2)<6), LEFT($H37, 1), "")
B38: 2809 | E38: 電気艤装 | F38: FL | G38: ー | H38: 木村(至) | I38: 完了 | K38: {=_xlfn.XLOOKUP($C$8&F38,テーブル1!$A:$A&テーブル1!$B:$B,テーブル1!$E:$E, "")} -> 45985 | L38: {=_xlfn.XLOOKUP($C$8&F38,テーブル1!$A:$A&テーブル1!$B:$B,テーブル1!$F:$F, "")} -> 46003 | M38: =IF(AND(M$5>=$K38, M$5<=$L38, WEEKDAY(M$5, 2)<6), LEFT($H38, 1), "") | N38: =IF(AND(N$5>=$K38, N$5<=$L38, WEEKDAY(N$5, 2)<6), LEFT($H38, 1), "") | O38: =IF(AND(O$5>=$K38, O$5<=$L38, WEEKDAY(O$5, 2)<6), LEFT($H38, 1), "") | P38: =IF(AND(P$5>=$K38, P$5<=$L38, WEEKDAY(P$5, 2)<6), LEFT($H38, 1), "") | Q38: =IF(AND(Q$5>=$K38, Q$5<=$L38, WEEKDAY(Q$5, 2)<6), LEFT($H38, 1), "") | R38: =IF(AND(R$5>=$K38, R$5<=$L38, WEEKDAY(R$5, 2)<6), LEFT($H38, 1), "") | S38: =IF(AND(S$5>=$K38, S$5<=$L38, WEEKDAY(S$5, 2)<6), LEFT($H38, 1), "") | T38: =IF(AND(T$5>=$K38, T$5<=$L38, WEEKDAY(T$5, 2)<6), LEFT($H38, 1), "") | ... SC38: =IF(AND(SC$5>=$K38, SC$5<=$L38, WEEKDAY(SC$5, 2)<6), LEFT($H38, 1), "")
B39: 2809 | F39: SW | G39: ー | H39: 木村(至) | I39: 完了 | K39: {=_xlfn.XLOOKUP($C$8&F39,テーブル1!$A:$A&テーブル1!$B:$B,テーブル1!$E:$E, "")} -> 45992 | L39: {=_xlfn.XLOOKUP($C$8&F39,テーブル1!$A:$A&テーブル1!$B:$B,テーブル1!$F:$F, "")} -> 46010 | M39: =IF(AND(M$5>=$K39, M$5<=$L39, WEEKDAY(M$5, 2)<6), LEFT($H39, 1), "") | N39: =IF(AND(N$5>=$K39, N$5<=$L39, WEEKDAY(N$5, 2)<6), LEFT($H39, 1), "") | O39: =IF(AND(O$5>=$K39, O$5<=$L39, WEEKDAY(O$5, 2)<6), LEFT($H39, 1), "") | P39: =IF(AND(P$5>=$K39, P$5<=$L39, WEEKDAY(P$5, 2)<6), LEFT($H39, 1), "") | Q39: =IF(AND(Q$5>=$K39, Q$5<=$L39, WEEKDAY(Q$5, 2)<6), LEFT($H39, 1), "") | R39: =IF(AND(R$5>=$K39, R$5<=$L39, WEEKDAY(R$5, 2)<6), LEFT($H39, 1), "") | S39: =IF(AND(S$5>=$K39, S$5<=$L39, WEEKDAY(S$5, 2)<6), LEFT($H39, 1), "") | T39: =IF(AND(T$5>=$K39, T$5<=$L39, WEEKDAY(T$5, 2)<6), LEFT($H39, 1), "") | ... SC39: =IF(AND(SC$5>=$K39, SC$5<=$L39, WEEKDAY(SC$5, 2)<6), LEFT($H39, 1), "")
B40: 2809 | F40: UC | G40: ー | H40: 木村(至) | I40: 完了 | K40: {=_xlfn.XLOOKUP($C$8&F40,テーブル1!$A:$A&テーブル1!$B:$B,テーブル1!$E:$E, "")} -> 45992 | L40: {=_xlfn.XLOOKUP($C$8&F40,テーブル1!$A:$A&テーブル1!$B:$B,テーブル1!$F:$F, "")} -> 46017 | M40: =IF(AND(M$5>=$K40, M$5<=$L40, WEEKDAY(M$5, 2)<6), LEFT($H40, 1), "") | N40: =IF(AND(N$5>=$K40, N$5<=$L40, WEEKDAY(N$5, 2)<6), LEFT($H40, 1), "") | O40: =IF(AND(O$5>=$K40, O$5<=$L40, WEEKDAY(O$5, 2)<6), LEFT($H40, 1), "") | P40: =IF(AND(P$5>=$K40, P$5<=$L40, WEEKDAY(P$5, 2)<6), LEFT($H40, 1), "") | Q40: =IF(AND(Q$5>=$K40, Q$5<=$L40, WEEKDAY(Q$5, 2)<6), LEFT($H40, 1), "") | R40: =IF(AND(R$5>=$K40, R$5<=$L40, WEEKDAY(R$5, 2)<6), LEFT($H40, 1), "") | S40: =IF(AND(S$5>=$K40, S$5<=$L40, WEEKDAY(S$5, 2)<6), LEFT($H40, 1), "") | T40: =IF(AND(T$5>=$K40, T$5<=$L40, WEEKDAY(T$5, 2)<6), LEFT($H40, 1), "") | ... SC40: =IF(AND(SC$5>=$K40, SC$5<=$L40, WEEKDAY(SC$5, 2)<6), LEFT($H40, 1), "")
B41: 2809 | D41: 外観検査 | E41: 外観検査 | F41: FL | G41: ー | H41: 品証 | I41: 完了 | J41: 工程会議議事録 | K41: 46007 | L41: 46007 | M41: =IF(AND(M$5>=$K41, M$5<=$L41, WEEKDAY(M$5, 2)<6), LEFT($H41, 1), "") | N41: =IF(AND(N$5>=$K41, N$5<=$L41, WEEKDAY(N$5, 2)<6), LEFT($H41, 1), "") | O41: =IF(AND(O$5>=$K41, O$5<=$L41, WEEKDAY(O$5, 2)<6), LEFT($H41, 1), "") | P41: =IF(AND(P$5>=$K41, P$5<=$L41, WEEKDAY(P$5, 2)<6), LEFT($H41, 1), "") | Q41: =IF(AND(Q$5>=$K41, Q$5<=$L41, WEEKDAY(Q$5, 2)<6), LEFT($H41, 1), "") | R41: =IF(AND(R$5>=$K41, R$5<=$L41, WEEKDAY(R$5, 2)<6), LEFT($H41, 1), "") | S41: =IF(AND(S$5>=$K41, S$5<=$L41, WEEKDAY(S$5, 2)<6), LEFT($H41, 1), "") | T41: =IF(AND(T$5>=$K41, T$5<=$L41, WEEKDAY(T$5, 2)<6), LEFT($H41, 1), "") | ... SC41: =IF(AND(SC$5>=$K41, SC$5<=$L41, WEEKDAY(SC$5, 2)<6), LEFT($H41, 1), "")
B42: 2809 | F42: UC | G42: ー | H42: 品証 | I42: 完了 | K42: 46028 | L42: 46028 | M42: =IF(AND(M$5>=$K42, M$5<=$L42, WEEKDAY(M$5, 2)<6), LEFT($H42, 1), "") | N42: =IF(AND(N$5>=$K42, N$5<=$L42, WEEKDAY(N$5, 2)<6), LEFT($H42, 1), "") | O42: =IF(AND(O$5>=$K42, O$5<=$L42, WEEKDAY(O$5, 2)<6), LEFT($H42, 1), "") | P42: =IF(AND(P$5>=$K42, P$5<=$L42, WEEKDAY(P$5, 2)<6), LEFT($H42, 1), "") | Q42: =IF(AND(Q$5>=$K42, Q$5<=$L42, WEEKDAY(Q$5, 2)<6), LEFT($H42, 1), "") | R42: =IF(AND(R$5>=$K42, R$5<=$L42, WEEKDAY(R$5, 2)<6), LEFT($H42, 1), "") | S42: =IF(AND(S$5>=$K42, S$5<=$L42, WEEKDAY(S$5, 2)<6), LEFT($H42, 1), "") | T42: =IF(AND(T$5>=$K42, T$5<=$L42, WEEKDAY(T$5, 2)<6), LEFT($H42, 1), "") | ... SC42: =IF(AND(SC$5>=$K42, SC$5<=$L42, WEEKDAY(SC$5, 2)<6), LEFT($H42, 1), "")
B43: 2809 | D43: タスクリスト | E43: タスクリスト作成 | F43: 全て | G43: ー | H43: 製造管理 | I43: 完了 | J43: ENタスクリスト | K43: 46007 | L43: 46007 | M43: =IF(AND(M$5>=$K43, M$5<=$L43, WEEKDAY(M$5, 2)<6), LEFT($H43, 1), "") | N43: =IF(AND(N$5>=$K43, N$5<=$L43, WEEKDAY(N$5, 2)<6), LEFT($H43, 1), "") | O43: =IF(AND(O$5>=$K43, O$5<=$L43, WEEKDAY(O$5, 2)<6), LEFT($H43, 1), "") | P43: =IF(AND(P$5>=$K43, P$5<=$L43, WEEKDAY(P$5, 2)<6), LEFT($H43, 1), "") | Q43: =IF(AND(Q$5>=$K43, Q$5<=$L43, WEEKDAY(Q$5, 2)<6), LEFT($H43, 1), "") | R43: =IF(AND(R$5>=$K43, R$5<=$L43, WEEKDAY(R$5, 2)<6), LEFT($H43, 1), "") | S43: =IF(AND(S$5>=$K43, S$5<=$L43, WEEKDAY(S$5, 2)<6), LEFT($H43, 1), "") | T43: =IF(AND(T$5>=$K43, T$5<=$L43, WEEKDAY(T$5, 2)<6), LEFT($H43, 1), "") | ... SC43: =IF(AND(SC$5>=$K43, SC$5<=$L43, WEEKDAY(SC$5, 2)<6), LEFT($H43, 1), "")
B44: 2809 | D44: 試運転 | E44: IOチェック | H44: 大西 | I44: 完了 | J44: 操業工程表 | K44: 46008 | L44: 46010 | M44: =IF(AND(M$5>=$K44, M$5<=$L44, WEEKDAY(M$5, 2)<6), LEFT($H44, 1), "") | N44: =IF(AND(N$5>=$K44, N$5<=$L44, WEEKDAY(N$5, 2)<6), LEFT($H44, 1), "") | O44: =IF(AND(O$5>=$K44, O$5<=$L44, WEEKDAY(O$5, 2)<6), LEFT($H44, 1), "") | P44: =IF(AND(P$5>=$K44, P$5<=$L44, WEEKDAY(P$5, 2)<6), LEFT($H44, 1), "") | Q44: =IF(AND(Q$5>=$K44, Q$5<=$L44, WEEKDAY(Q$5, 2)<6), LEFT($H44, 1), "") | R44: =IF(AND(R$5>=$K44, R$5<=$L44, WEEKDAY(R$5, 2)<6), LEFT($H44, 1), "") | S44: =IF(AND(S$5>=$K44, S$5<=$L44, WEEKDAY(S$5, 2)<6), LEFT($H44, 1), "") | T44: =IF(AND(T$5>=$K44, T$5<=$L44, WEEKDAY(T$5, 2)<6), LEFT($H44, 1), "") | ... SC44: =IF(AND(SC$5>=$K44, SC$5<=$L44, WEEKDAY(SC$5, 2)<6), LEFT($H44, 1), "")
B45: 2809 | E45: 単体動作確認 | H45: 大西 | I45: 完了 | K45: 46013 | L45: 46015 | M45: =IF(AND(M$5>=$K45, M$5<=$L45, WEEKDAY(M$5, 2)<6), LEFT($H45, 1), "") | N45: =IF(AND(N$5>=$K45, N$5<=$L45, WEEKDAY(N$5, 2)<6), LEFT($H45, 1), "") | O45: =IF(AND(O$5>=$K45, O$5<=$L45, WEEKDAY(O$5, 2)<6), LEFT($H45, 1), "") | P45: =IF(AND(P$5>=$K45, P$5<=$L45, WEEKDAY(P$5, 2)<6), LEFT($H45, 1), "") | Q45: =IF(AND(Q$5>=$K45, Q$5<=$L45, WEEKDAY(Q$5, 2)<6), LEFT($H45, 1), "") | R45: =IF(AND(R$5>=$K45, R$5<=$L45, WEEKDAY(R$5, 2)<6), LEFT($H45, 1), "") | S45: =IF(AND(S$5>=$K45, S$5<=$L45, WEEKDAY(S$5, 2)<6), LEFT($H45, 1), "") | T45: =IF(AND(T$5>=$K45, T$5<=$L45, WEEKDAY(T$5, 2)<6), LEFT($H45, 1), "") | ... SC45: =IF(AND(SC$5>=$K45, SC$5<=$L45, WEEKDAY(SC$5, 2)<6), LEFT($H45, 1), "")
B46: 2809 | E46: 全体動作確認 | H46: 大西 | I46: 完了 | K46: 46016 | L46: 46017 | M46: =IF(AND(M$5>=$K46, M$5<=$L46, WEEKDAY(M$5, 2)<6), LEFT($H46, 1), "") | N46: =IF(AND(N$5>=$K46, N$5<=$L46, WEEKDAY(N$5, 2)<6), LEFT($H46, 1), "") | O46: =IF(AND(O$5>=$K46, O$5<=$L46, WEEKDAY(O$5, 2)<6), LEFT($H46, 1), "") | P46: =IF(AND(P$5>=$K46, P$5<=$L46, WEEKDAY(P$5, 2)<6), LEFT($H46, 1), "") | Q46: =IF(AND(Q$5>=$K46, Q$5<=$L46, WEEKDAY(Q$5, 2)<6), LEFT($H46, 1), "") | R46: =IF(AND(R$5>=$K46, R$5<=$L46, WEEKDAY(R$5, 2)<6), LEFT($H46, 1), "") | S46: =IF(AND(S$5>=$K46, S$5<=$L46, WEEKDAY(S$5, 2)<6), LEFT($H46, 1), "") | T46: =IF(AND(T$5>=$K46, T$5<=$L46, WEEKDAY(T$5, 2)<6), LEFT($H46, 1), "") | ... SC46: =IF(AND(SC$5>=$K46, SC$5<=$L46, WEEKDAY(SC$5, 2)<6), LEFT($H46, 1), "")
B47: 2809 | E47: プログラム調整 | H47: 大西 | I47: 完了 | K47: 46028 | L47: 46031 | M47: =IF(AND(M$5>=$K47, M$5<=$L47, WEEKDAY(M$5, 2)<6), LEFT($H47, 1), "") | N47: =IF(AND(N$5>=$K47, N$5<=$L47, WEEKDAY(N$5, 2)<6), LEFT($H47, 1), "") | O47: =IF(AND(O$5>=$K47, O$5<=$L47, WEEKDAY(O$5, 2)<6), LEFT($H47, 1), "") | P47: =IF(AND(P$5>=$K47, P$5<=$L47, WEEKDAY(P$5, 2)<6), LEFT($H47, 1), "") | Q47: =IF(AND(Q$5>=$K47, Q$5<=$L47, WEEKDAY(Q$5, 2)<6), LEFT($H47, 1), "") | R47: =IF(AND(R$5>=$K47, R$5<=$L47, WEEKDAY(R$5, 2)<6), LEFT($H47, 1), "") | S47: =IF(AND(S$5>=$K47, S$5<=$L47, WEEKDAY(S$5, 2)<6), LEFT($H47, 1), "") | T47: =IF(AND(T$5>=$K47, T$5<=$L47, WEEKDAY(T$5, 2)<6), LEFT($H47, 1), "") | ... SC47: =IF(AND(SC$5>=$K47, SC$5<=$L47, WEEKDAY(SC$5, 2)<6), LEFT($H47, 1), "")
B48: 2809 | E48: 機械調整 | H48: 大西 | I48: 完了 | K48: 46031 | L48: 46033 | M48: =IF(AND(M$5>=$K48, M$5<=$L48, WEEKDAY(M$5, 2)<6), LEFT($H48, 1), "") | N48: =IF(AND(N$5>=$K48, N$5<=$L48, WEEKDAY(N$5, 2)<6), LEFT($H48, 1), "") | O48: =IF(AND(O$5>=$K48, O$5<=$L48, WEEKDAY(O$5, 2)<6), LEFT($H48, 1), "") | P48: =IF(AND(P$5>=$K48, P$5<=$L48, WEEKDAY(P$5, 2)<6), LEFT($H48, 1), "") | Q48: =IF(AND(Q$5>=$K48, Q$5<=$L48, WEEKDAY(Q$5, 2)<6), LEFT($H48, 1), "") | R48: =IF(AND(R$5>=$K48, R$5<=$L48, WEEKDAY(R$5, 2)<6), LEFT($H48, 1), "") | S48: =IF(AND(S$5>=$K48, S$5<=$L48, WEEKDAY(S$5, 2)<6), LEFT($H48, 1), "") | T48: =IF(AND(T$5>=$K48, T$5<=$L48, WEEKDAY(T$5, 2)<6), LEFT($H48, 1), "") | ... SC48: =IF(AND(SC$5>=$K48, SC$5<=$L48, WEEKDAY(SC$5, 2)<6), LEFT($H48, 1), "")
B49: 2809 | E49: サイクルタイム確認 | H49: 大西 | I49: 完了 | K49: 46037 | L49: 46038 | M49: =IF(AND(M$5>=$K49, M$5<=$L49, WEEKDAY(M$5, 2)<6), LEFT($H49, 1), "") | N49: =IF(AND(N$5>=$K49, N$5<=$L49, WEEKDAY(N$5, 2)<6), LEFT($H49, 1), "") | O49: =IF(AND(O$5>=$K49, O$5<=$L49, WEEKDAY(O$5, 2)<6), LEFT($H49, 1), "") | P49: =IF(AND(P$5>=$K49, P$5<=$L49, WEEKDAY(P$5, 2)<6), LEFT($H49, 1), "") | Q49: =IF(AND(Q$5>=$K49, Q$5<=$L49, WEEKDAY(Q$5, 2)<6), LEFT($H49, 1), "") | R49: =IF(AND(R$5>=$K49, R$5<=$L49, WEEKDAY(R$5, 2)<6), LEFT($H49, 1), "") | S49: =IF(AND(S$5>=$K49, S$5<=$L49, WEEKDAY(S$5, 2)<6), LEFT($H49, 1), "") | T49: =IF(AND(T$5>=$K49, T$5<=$L49, WEEKDAY(T$5, 2)<6), LEFT($H49, 1), "") | ... SC49: =IF(AND(SC$5>=$K49, SC$5<=$L49, WEEKDAY(SC$5, 2)<6), LEFT($H49, 1), "")
B50: 2809 | E50: 客先立会 | F50: 全て | G50: ー | H50: 岡本 | I50: 完了 | J50: 工程会議議事録 | K50: 46035 | L50: 46035 | M50: =IF(AND(M$5>=$K50, M$5<=$L50, WEEKDAY(M$5, 2)<6), LEFT($H50, 1), "") | N50: =IF(AND(N$5>=$K50, N$5<=$L50, WEEKDAY(N$5, 2)<6), LEFT($H50, 1), "") | O50: =IF(AND(O$5>=$K50, O$5<=$L50, WEEKDAY(O$5, 2)<6), LEFT($H50, 1), "") | P50: =IF(AND(P$5>=$K50, P$5<=$L50, WEEKDAY(P$5, 2)<6), LEFT($H50, 1), "") | Q50: =IF(AND(Q$5>=$K50, Q$5<=$L50, WEEKDAY(Q$5, 2)<6), LEFT($H50, 1), "") | R50: =IF(AND(R$5>=$K50, R$5<=$L50, WEEKDAY(R$5, 2)<6), LEFT($H50, 1), "") | S50: =IF(AND(S$5>=$K50, S$5<=$L50, WEEKDAY(S$5, 2)<6), LEFT($H50, 1), "") | T50: =IF(AND(T$5>=$K50, T$5<=$L50, WEEKDAY(T$5, 2)<6), LEFT($H50, 1), "") | ... SC50: =IF(AND(SC$5>=$K50, SC$5<=$L50, WEEKDAY(SC$5, 2)<6), LEFT($H50, 1), "")
B51: 2809 | D51: 出荷 | E51: 出荷確認会議 | F51: 全て | G51: ー | H51: 品証 | I51: 完了 | K51: 46036 | L51: 46036 | M51: =IF(AND(M$5>=$K51, M$5<=$L51, WEEKDAY(M$5, 2)<6), LEFT($H51, 1), "") | N51: =IF(AND(N$5>=$K51, N$5<=$L51, WEEKDAY(N$5, 2)<6), LEFT($H51, 1), "") | O51: =IF(AND(O$5>=$K51, O$5<=$L51, WEEKDAY(O$5, 2)<6), LEFT($H51, 1), "") | P51: =IF(AND(P$5>=$K51, P$5<=$L51, WEEKDAY(P$5, 2)<6), LEFT($H51, 1), "") | Q51: =IF(AND(Q$5>=$K51, Q$5<=$L51, WEEKDAY(Q$5, 2)<6), LEFT($H51, 1), "") | R51: =IF(AND(R$5>=$K51, R$5<=$L51, WEEKDAY(R$5, 2)<6), LEFT($H51, 1), "") | S51: =IF(AND(S$5>=$K51, S$5<=$L51, WEEKDAY(S$5, 2)<6), LEFT($H51, 1), "") | T51: =IF(AND(T$5>=$K51, T$5<=$L51, WEEKDAY(T$5, 2)<6), LEFT($H51, 1), "") | ... SC51: =IF(AND(SC$5>=$K51, SC$5<=$L51, WEEKDAY(SC$5, 2)<6), LEFT($H51, 1), "")
B52: 2809 | E52: 出荷準備 | F52: 全て | G52: ー | H52: ー | J52: 組立工程表 | K52: 46041 | L52: 46052 | M52: =IF(AND(M$5>=$K52, M$5<=$L52, WEEKDAY(M$5, 2)<6), LEFT($H52, 1), "") | N52: =IF(AND(N$5>=$K52, N$5<=$L52, WEEKDAY(N$5, 2)<6), LEFT($H52, 1), "") | O52: =IF(AND(O$5>=$K52, O$5<=$L52, WEEKDAY(O$5, 2)<6), LEFT($H52, 1), "") | P52: =IF(AND(P$5>=$K52, P$5<=$L52, WEEKDAY(P$5, 2)<6), LEFT($H52, 1), "") | Q52: =IF(AND(Q$5>=$K52, Q$5<=$L52, WEEKDAY(Q$5, 2)<6), LEFT($H52, 1), "") | R52: =IF(AND(R$5>=$K52, R$5<=$L52, WEEKDAY(R$5, 2)<6), LEFT($H52, 1), "") | S52: =IF(AND(S$5>=$K52, S$5<=$L52, WEEKDAY(S$5, 2)<6), LEFT($H52, 1), "") | T52: =IF(AND(T$5>=$K52, T$5<=$L52, WEEKDAY(T$5, 2)<6), LEFT($H52, 1), "") | ... SC52: =IF(AND(SC$5>=$K52, SC$5<=$L52, WEEKDAY(SC$5, 2)<6), LEFT($H52, 1), "")
B53: 2809 | E53: 出荷 | F53: FL | G53: GS | H53: 米澤 | J53: 出荷入荷予定一覧 | K53: 46056 | L53: 46056 | M53: =IF(AND(M$5>=$K53, M$5<=$L53, WEEKDAY(M$5, 2)<6), LEFT($H53, 1), "") | N53: =IF(AND(N$5>=$K53, N$5<=$L53, WEEKDAY(N$5, 2)<6), LEFT($H53, 1), "") | O53: =IF(AND(O$5>=$K53, O$5<=$L53, WEEKDAY(O$5, 2)<6), LEFT($H53, 1), "") | P53: =IF(AND(P$5>=$K53, P$5<=$L53, WEEKDAY(P$5, 2)<6), LEFT($H53, 1), "") | Q53: =IF(AND(Q$5>=$K53, Q$5<=$L53, WEEKDAY(Q$5, 2)<6), LEFT($H53, 1), "") | R53: =IF(AND(R$5>=$K53, R$5<=$L53, WEEKDAY(R$5, 2)<6), LEFT($H53, 1), "") | S53: =IF(AND(S$5>=$K53, S$5<=$L53, WEEKDAY(S$5, 2)<6), LEFT($H53, 1), "") | T53: =IF(AND(T$5>=$K53, T$5<=$L53, WEEKDAY(T$5, 2)<6), LEFT($H53, 1), "") | ... SC53: =IF(AND(SC$5>=$K53, SC$5<=$L53, WEEKDAY(SC$5, 2)<6), LEFT($H53, 1), "")
B54: 2809 | F54: UC | G54: MU | H54: 桂 | K54: 46057 | L54: 46057 | M54: =IF(AND(M$5>=$K54, M$5<=$L54, WEEKDAY(M$5, 2)<6), LEFT($H54, 1), "") | N54: =IF(AND(N$5>=$K54, N$5<=$L54, WEEKDAY(N$5, 2)<6), LEFT($H54, 1), "") | O54: =IF(AND(O$5>=$K54, O$5<=$L54, WEEKDAY(O$5, 2)<6), LEFT($H54, 1), "") | P54: =IF(AND(P$5>=$K54, P$5<=$L54, WEEKDAY(P$5, 2)<6), LEFT($H54, 1), "") | Q54: =IF(AND(Q$5>=$K54, Q$5<=$L54, WEEKDAY(Q$5, 2)<6), LEFT($H54, 1), "") | R54: =IF(AND(R$5>=$K54, R$5<=$L54, WEEKDAY(R$5, 2)<6), LEFT($H54, 1), "") | S54: =IF(AND(S$5>=$K54, S$5<=$L54, WEEKDAY(S$5, 2)<6), LEFT($H54, 1), "") | T54: =IF(AND(T$5>=$K54, T$5<=$L54, WEEKDAY(T$5, 2)<6), LEFT($H54, 1), "") | ... SC54: =IF(AND(SC$5>=$K54, SC$5<=$L54, WEEKDAY(SC$5, 2)<6), LEFT($H54, 1), "")
B55: 2809 | F55: SW | G55: MU | H55: 古賀 | K55: 46058 | L55: 46058 | M55: =IF(AND(M$5>=$K55, M$5<=$L55, WEEKDAY(M$5, 2)<6), LEFT($H55, 1), "") | N55: =IF(AND(N$5>=$K55, N$5<=$L55, WEEKDAY(N$5, 2)<6), LEFT($H55, 1), "") | O55: =IF(AND(O$5>=$K55, O$5<=$L55, WEEKDAY(O$5, 2)<6), LEFT($H55, 1), "") | P55: =IF(AND(P$5>=$K55, P$5<=$L55, WEEKDAY(P$5, 2)<6), LEFT($H55, 1), "") | Q55: =IF(AND(Q$5>=$K55, Q$5<=$L55, WEEKDAY(Q$5, 2)<6), LEFT($H55, 1), "") | R55: =IF(AND(R$5>=$K55, R$5<=$L55, WEEKDAY(R$5, 2)<6), LEFT($H55, 1), "") | S55: =IF(AND(S$5>=$K55, S$5<=$L55, WEEKDAY(S$5, 2)<6), LEFT($H55, 1), "") | T55: =IF(AND(T$5>=$K55, T$5<=$L55, WEEKDAY(T$5, 2)<6), LEFT($H55, 1), "") | ... SC55: =IF(AND(SC$5>=$K55, SC$5<=$L55, WEEKDAY(SC$5, 2)<6), LEFT($H55, 1), "")
B56: 2810
B57: 2811
B58: 2812
B59: 2813
B60: 2814
B61: 2815
B62: 2816
B63: 2817
B64: 2818

Sheet 具体例 (森村案)
B2: 工事番号 | D2: 項目 | E2: 機械 | F2: ユニット | G2: 担当者 | H2: 達成率 | I2: リンク先 | J2: 開始日 | K2: 終了日 | L2: 2024年 | BU2: 2025年 | PV2: 2026年
C3: 工程 | L3: 11月 | AP3: 12月 | BU3: 1月 | CZ3: 2月 | EB3: 3月 | FG3: 4月 | GK3: 5月 | HP3: 6月 | IT3: 7月 | JY3: 8月 | LD3: 9月 | MH3: 10月 | NM3: 11月 | OQ3: 12月 | PV3: 1月 | RA3: 2月
L4: =+_xlfn.XLOOKUP("月",L$7,L$6,0) -> 0 | M4: =+_xlfn.XLOOKUP("月",M$7,M$6,0) -> 0 | N4: =+_xlfn.XLOOKUP("月",N$7,N$6,0) -> 0 | O4: =+_xlfn.XLOOKUP("月",O$7,O$6,0) -> 4 | P4: =+_xlfn.XLOOKUP("月",P$7,P$6,0) -> 0 | Q4: =+_xlfn.XLOOKUP("月",Q$7,Q$6,0) -> 0 | R4: =+_xlfn.XLOOKUP("月",R$7,R$6,0) -> 0 | S4: =+_xlfn.XLOOKUP("月",S$7,S$6,0) -> 0 | ... SB4: =+_xlfn.XLOOKUP("月",SB$7,SB$6,0) -> 0
L5: 45597 | M5: 45598 | N5: 45599 | O5: 45600 | P5: 45601 | Q5: 45602 | R5: 45603 | S5: 45604 | T5: 45605 | U5: 45606 | V5: 45607 | W5: 45608 | X5: 45609 | Y5: 45610 | Z5: 45611 | AA5: 45612 | AB5: 45613 | AC5: 45614 | AD5: 45615 | AE5: 45616 | AF5: 45617 | AG5: 45618 | AH5: 45619 | AI5: 45620 | AJ5: 45621 | AK5: 45622 | AL5: 45623 | AM5: 45624 | AN5: 45625 | AO5: 45626 | AP5: 45627 | AQ5: 45628 | AR5: 45629 | AS5: 45630 | AT5: 45631 | AU5: 45632 | AV5: 45633 | AW5: 45634 | AX5: 45635 | AY5: 45636 | AZ5: 45637 | BA5: 45638 | BB5: 45639 | BC5: 45640 | BD5: 45641 | BE5: 45642 | BF5: 45643 | BG5: 45644 | BH5: 45645 | BI5: 45646 | BJ5: 45647 | BK5: 45648 | BL5: 45649 | BM5: 45650 | BN5: 45651 | BO5: 45652 | BP5: 45653 | BQ5: 45654 | BR5: 45655 | BS5: 45656 | BT5: 45657 | BU5: 45658 | BV5: 45659 | BW5: 45660 | BX5: 45661 | BY5: 45662 | BZ5: 45663 | CA5: 45664 | CB5: 45665 | CC5: 45666 | CD5: 45667 | CE5: 45668 | CF5: 45669 | CG5: 45670 | CH5: 45671 | CI5: 45672 | CJ5: 45673 | CK5: 45674 | CL5: 45675 | CM5: 45676 | CN5: 45677 | CO5: 45678 | CP5: 45679 | CQ5: 45680 | CR5: 45681 | CS5: 45682 | CT5: 45683 | CU5: 45684 | CV5: 45685 | CW5: 45686 | CX5: 45687 | CY5: 45688 | CZ5: 45689 | DA5: 45690 | DB5: 45691 | DC5: 45692 | DD5: 45693 | DE5: 45694 | DF5: 45695 | DG5: 45696 | DH5: 45697 | DI5: 45698 | DJ5: 45699 | DK5: 45700 | DL5: 45701 | DM5: 45702 | DN5: 45703 | DO5: 45704 | DP5: 45705 | DQ5: 45706 | DR5: 45707 | DS5: 45708 | DT5: 45709 | DU5: 45710 | DV5: 45711 | DW5: 45712 | DX5: 45713 | DY5: 45714 | DZ5: 45715 | EA5: 45716 | EB5: 45717 | EC5: 45718 | ED5: 45719 | EE5: 45720 | EF5: 45721 | EG5: 45722 | EH5: 45723 | EI5: 45724 | EJ5: 45725 | EK5: 45726 | EL5: 45727 | EM5: 45728 | EN5: 45729 | EO5: 45730 | EP5: 45731 | EQ5: 45732 | ER5: 45733 | ES5: 45734 | ET5: 45735 | EU5: 45736 | EV5: 45737 | EW5: 45738 | EX5: 45739 | EY5: 45740 | EZ5: 45741 | FA5: 45742 | FB5: 45743 | FC5: 45744 | FD5: 45745 | FE5: 45746 | FF5: 45747 | FG5: 45748 | FH5: 45749 | FI5: 45750 | FJ5: 45751 | FK5: 45752 | FL5: 45753 | FM5: 45754 | FN5: 45755 | FO5: 45756 | FP5: 45757 | FQ5: 45758 | FR5: 45759 | FS5: 45760 | FT5: 45761 | FU5: 45762 | FV5: 45763 | FW5: 45764 | FX5: 45765 | FY5: 45766 | FZ5: 45767 | GA5: 45768 | GB5: 45769 | GC5: 45770 | GD5: 45771 | GE5: 45772 | GF5: 45773 | GG5: 45774 | GH5: 45775 | GI5: 45776 | GJ5: 45777 | GK5: 45778 | GL5: 45779 | GM5: 45780 | GN5: 45781 | GO5: 45782 | GP5: 45783 | GQ5: 45784 | GR5: 45785 | GS5: 45786 | GT5: 45787 | GU5: 45788 | GV5: 45789 | GW5: 45790 | GX5: 45791 | GY5: 45792 | GZ5: 45793 | HA5: 45794 | HB5: 45795 | HC5: 45796 | HD5: 45797 | HE5: 45798 | HF5: 45799 | HG5: 45800 | HH5: 45801 | HI5: 45802 | HJ5: 45803 | HK5: 45804 | HL5: 45805 | HM5: 45806 | HN5: 45807 | HO5: 45808 | HP5: 45809 | HQ5: 45810 | HR5: 45811 | HS5: 45812 | HT5: 45813 | HU5: 45814 | HV5: 45815 | HW5: 45816 | HX5: 45817 | HY5: 45818 | HZ5: 45819 | IA5: 45820 | IB5: 45821 | IC5: 45822 | ID5: 45823 | IE5: 45824 | IF5: 45825 | IG5: 45826 | IH5: 45827 | II5: 45828 | IJ5: 45829 | IK5: 45830 | IL5: 45831 | IM5: 45832 | IN5: 45833 | IO5: 45834 | IP5: 45835 | IQ5: 45836 | IR5: 45837 | IS5: 45838 | IT5: 45839 | IU5: 45840 | IV5: 45841 | IW5: 45842 | IX5: 45843 | IY5: 45844 | IZ5: 45845 | JA5: 45846 | JB5: 45847 | JC5: 45848 | JD5: 45849 | JE5: 45850 | JF5: 45851 | JG5: 45852 | JH5: 45853 | JI5: 45854 | JJ5: 45855 | JK5: 45856 | JL5: 45857 | JM5: 45858 | JN5: 45859 | JO5: 45860 | JP5: 45861 | JQ5: 45862 | JR5: 45863 | JS5: 45864 | JT5: 45865 | JU5: 45866 | JV5: 45867 | JW5: 45868 | JX5: 45869 | JY5: 45870 | JZ5: 45871 | KA5: 45872 | KB5: 45873 | KC5: 45874 | KD5: 45875 | KE5: 45876 | KF5: 45877 | KG5: 45878 | KH5: 45879 | KI5: 45880 | KJ5: 45881 | KK5: 45882 | KL5: 45883 | KM5: 45884 | KN5: 45885 | KO5: 45886 | KP5: 45887 | KQ5: 45888 | KR5: 45889 | KS5: 45890 | KT5: 45891 | KU5: 45892 | KV5: 45893 | KW5: 45894 | KX5: 45895 | KY5: 45896 | KZ5: 45897 | LA5: 45898 | LB5: 45899 | LC5: 45900 | LD5: 45901 | LE5: 45902 | LF5: 45903 | LG5: 45904 | LH5: 45905 | LI5: 45906 | LJ5: 45907 | LK5: 45908 | LL5: 45909 | LM5: 45910 | LN5: 45911 | LO5: 45912 | LP5: 45913 | LQ5: 45914 | LR5: 45915 | LS5: 45916 | LT5: 45917 | LU5: 45918 | LV5: 45919 | LW5: 45920 | LX5: 45921 | LY5: 45922 | LZ5: 45923 | MA5: 45924 | MB5: 45925 | MC5: 45926 | MD5: 45927 | ME5: 45928 | MF5: 45929 | MG5: 45930 | MH5: 45931 | MI5: 45932 | MJ5: 45933 | MK5: 45934 | ML5: 45935 | MM5: 45936 | MN5: 45937 | MO5: 45938 | MP5: 45939 | MQ5: 45940 | MR5: 45941 | MS5: 45942 | MT5: 45943 | MU5: 45944 | MV5: 45945 | MW5: 45946 | MX5: 45947 | MY5: 45948 | MZ5: 45949 | NA5: 45950 | NB5: 45951 | NC5: 45952 | ND5: 45953 | NE5: 45954 | NF5: 45955 | NG5: 45956 | NH5: 45957 | NI5: 45958 | NJ5: 45959 | NK5: 45960 | NL5: 45961 | NM5: 45962 | NN5: 45963 | NO5: 45964 | NP5: 45965 | NQ5: 45966 | NR5: 45967 | NS5: 45968 | NT5: 45969 | NU5: 45970 | NV5: 45971 | NW5: 45972 | NX5: 45973 | NY5: 45974 | NZ5: 45975 | OA5: 45976 | OB5: 45977 | OC5: 45978 | OD5: 45979 | OE5: 45980 | OF5: 45981 | OG5: 45982 | OH5: 45983 | OI5: 45984 | OJ5: 45985 | OK5: 45986 | OL5: 45987 | OM5: 45988 | ON5: 45989 | OO5: 45990 | OP5: 45991 | OQ5: 45992 | OR5: 45993 | OS5: 45994 | OT5: 45995 | OU5: 45996 | OV5: 45997 | OW5: 45998 | OX5: 45999 | OY5: 46000 | OZ5: 46001 | PA5: 46002 | PB5: 46003 | PC5: 46004 | PD5: 46005 | PE5: 46006 | PF5: 46007 | PG5: 46008 | PH5: 46009 | PI5: 46010 | PJ5: 46011 | PK5: 46012 | PL5: 46013 | PM5: 46014 | PN5: 46015 | PO5: 46016 | PP5: 46017 | PQ5: 46018 | PR5: 46019 | PS5: 46020 | PT5: 46021 | PU5: 46022 | PV5: 46023 | PW5: 46024 | PX5: 46025 | PY5: 46026 | PZ5: 46027 | QA5: 46028 | QB5: 46029 | QC5: 46030 | QD5: 46031 | QE5: 46032 | QF5: 46033 | QG5: 46034 | QH5: 46035 | QI5: 46036 | QJ5: 46037 | QK5: 46038 | QL5: 46039 | QM5: 46040 | QN5: 46041 | QO5: 46042 | QP5: 46043 | QQ5: 46044 | QR5: 46045 | QS5: 46046 | QT5: 46047 | QU5: 46048 | QV5: 46049 | QW5: 46050 | QX5: 46051 | QY5: 46052 | QZ5: 46053 | RA5: 46054 | RB5: 46055 | RC5: 46056 | RD5: 46057 | RE5: 46058 | RF5: 46059 | RG5: 46060 | RH5: 46061 | RI5: 46062 | RJ5: 46063 | RK5: 46064 | RL5: 46065 | RM5: 46066 | RN5: 46067 | RO5: 46068 | RP5: 46069 | RQ5: 46070 | RR5: 46071 | RS5: 46072 | RT5: 46073 | RU5: 46074 | RV5: 46075 | RW5: 46076 | RX5: 46077 | RY5: 46078 | RZ5: 46079 | SA5: 46080 | SB5: 46081
L6: 1 | M6: =+L6+1 -> 2 | N6: =+M6+1 -> 3 | O6: =+N6+1 -> 4 | P6: =+O6+1 -> 5 | Q6: =+P6+1 -> 6 | R6: =+Q6+1 -> 7 | S6: =+R6+1 -> 8 | T6: =+S6+1 -> 9 | ... AO6: =+AN6+1 -> 30 | AP6: 1 | AQ6: =+AP6+1 -> 2 | AR6: =+AQ6+1 -> 3 | AS6: =+AR6+1 -> 4 | AT6: =+AS6+1 -> 5 | AU6: =+AT6+1 -> 6 | AV6: =+AU6+1 -> 7 | AW6: =+AV6+1 -> 8 | AX6: =+AW6+1 -> 9 | ... BT6: =+BS6+1 -> 31 | BU6: 1 | BV6: =+BU6+1 -> 2 | BW6: =+BV6+1 -> 3 | BX6: =+BW6+1 -> 4 | BY6: =+BX6+1 -> 5 | BZ6: =+BY6+1 -> 6 | CA6: =+BZ6+1 -> 7 | CB6: =+CA6+1 -> 8 | CC6: =+CB6+1 -> 9 | ... CY6: =+CX6+1 -> 31 | CZ6: 1 | DA6: =+CZ6+1 -> 2 | DB6: =+DA6+1 -> 3 | DC6: =+DB6+1 -> 4 | DD6: =+DC6+1 -> 5 | DE6: =+DD6+1 -> 6 | DF6: =+DE6+1 -> 7 | DG6: =+DF6+1 -> 8 | DH6: =+DG6+1 -> 9 | ... EA6: =+DZ6+1 -> 28 | EB6: 1 | EC6: =+EB6+1 -> 2 | ED6: =+EC6+1 -> 3 | EE6: =+ED6+1 -> 4 | EF6: =+EE6+1 -> 5 | EG6: =+EF6+1 -> 6 | EH6: =+EG6+1 -> 7 | EI6: =+EH6+1 -> 8 | EJ6: =+EI6+1 -> 9 | ... FF6: =+FE6+1 -> 31 | FG6: 1 | FH6: =+FG6+1 -> 2 | FI6: =+FH6+1 -> 3 | FJ6: =+FI6+1 -> 4 | FK6: =+FJ6+1 -> 5 | FL6: =+FK6+1 -> 6 | FM6: =+FL6+1 -> 7 | FN6: =+FM6+1 -> 8 | FO6: =+FN6+1 -> 9 | ... GJ6: =+GI6+1 -> 30 | GK6: 1 | GL6: =+GK6+1 -> 2 | GM6: =+GL6+1 -> 3 | GN6: =+GM6+1 -> 4 | GO6: =+GN6+1 -> 5 | GP6: =+GO6+1 -> 6 | GQ6: =+GP6+1 -> 7 | GR6: =+GQ6+1 -> 8 | GS6: =+GR6+1 -> 9 | ... HO6: =+HN6+1 -> 31 | HP6: 1 | HQ6: =+HP6+1 -> 2 | HR6: =+HQ6+1 -> 3 | HS6: =+HR6+1 -> 4 | HT6: =+HS6+1 -> 5 | HU6: =+HT6+1 -> 6 | HV6: =+HU6+1 -> 7 | HW6: =+HV6+1 -> 8 | HX6: =+HW6+1 -> 9 | ... IS6: =+IR6+1 -> 30 | IT6: 1 | IU6: =+IT6+1 -> 2 | IV6: =+IU6+1 -> 3 | IW6: =+IV6+1 -> 4 | IX6: =+IW6+1 -> 5 | IY6: =+IX6+1 -> 6 | IZ6: =+IY6+1 -> 7 | JA6: =+IZ6+1 -> 8 | JB6: =+JA6+1 -> 9 | ... JX6: =+JW6+1 -> 31 | JY6: 1 | JZ6: =+JY6+1 -> 2 | KA6: =+JZ6+1 -> 3 | KB6: =+KA6+1 -> 4 | KC6: =+KB6+1 -> 5 | KD6: =+KC6+1 -> 6 | KE6: =+KD6+1 -> 7 | KF6: =+KE6+1 -> 8 | KG6: =+KF6+1 -> 9 | ... LC6: =+LB6+1 -> 31 | LD6: 1 | LE6: =+LD6+1 -> 2 | LF6: =+LE6+1 -> 3 | LG6: =+LF6+1 -> 4 | LH6: =+LG6+1 -> 5 | LI6: =+LH6+1 -> 6 | LJ6: =+LI6+1 -> 7 | LK6: =+LJ6+1 -> 8 | LL6: =+LK6+1 -> 9 | ... MG6: =+MF6+1 -> 30 | MH6: 1 | MI6: =+MH6+1 -> 2 | MJ6: =+MI6+1 -> 3 | MK6: =+MJ6+1 -> 4 | ML6: =+MK6+1 -> 5 | MM6: =+ML6+1 -> 6 | MN6: =+MM6+1 -> 7 | MO6: =+MN6+1 -> 8 | MP6: =+MO6+1 -> 9 | ... NL6: =+NK6+1 -> 31 | NM6: 1 | NN6: =+NM6+1 -> 2 | NO6: =+NN6+1 -> 3 | NP6: =+NO6+1 -> 4 | NQ6: =+NP6+1 -> 5 | NR6: =+NQ6+1 -> 6 | NS6: =+NR6+1 -> 7 | NT6: =+NS6+1 -> 8 | NU6: =+NT6+1 -> 9 | ... OP6: =+OO6+1 -> 30 | OQ6: 1 | OR6: =+OQ6+1 -> 2 | OS6: =+OR6+1 -> 3 | OT6: =+OS6+1 -> 4 | OU6: =+OT6+1 -> 5 | OV6: =+OU6+1 -> 6 | OW6: =+OV6+1 -> 7 | OX6: =+OW6+1 -> 8 | OY6: =+OX6+1 -> 9 | ... PU6: =+PT6+1 -> 31 | PV6: 1 | PW6: =+PV6+1 -> 2 | PX6: =+PW6+1 -> 3 | PY6: =+PX6+1 -> 4 | PZ6: =+PY6+1 -> 5 | QA6: =+PZ6+1 -> 6 | QB6: =+QA6+1 -> 7 | QC6: =+QB6+1 -> 8 | QD6: =+QC6+1 -> 9 | ... QZ6: =+QY6+1 -> 31 | RA6: 1 | RB6: =+RA6+1 -> 2 | RC6: =+RB6+1 -> 3 | RD6: =+RC6+1 -> 4 | RE6: =+RD6+1 -> 5 | RF6: =+RE6+1 -> 6 | RG6: =+RF6+1 -> 7 | RH6: =+RG6+1 -> 8 | RI6: =+RH6+1 -> 9 | ... SB6: =+SA6+1 -> 28
L7: 金 | M7: 土 | N7: 日 | O7: 月 | P7: 火 | Q7: 水 | R7: 木 | S7: 金 | T7: 土 | U7: 日 | V7: 月 | W7: 火 | X7: 水 | Y7: 木 | Z7: 金 | AA7: 土 | AB7: 日 | AC7: 月 | AD7: 火 | AE7: 水 | AF7: 木 | AG7: 金 | AH7: 土 | AI7: 日 | AJ7: 月 | AK7: 火 | AL7: 水 | AM7: 木 | AN7: 金 | AO7: 土 | AP7: 日 | AQ7: 月 | AR7: 火 | AS7: 水 | AT7: 木 | AU7: 金 | AV7: 土 | AW7: 日 | AX7: 月 | AY7: 火 | AZ7: 水 | BA7: 木 | BB7: 金 | BC7: 土 | BD7: 日 | BE7: 月 | BF7: 火 | BG7: 水 | BH7: 木 | BI7: 金 | BJ7: 土 | BK7: 日 | BL7: 月 | BM7: 火 | BN7: 水 | BO7: 木 | BP7: 金 | BQ7: 土 | BR7: 日 | BS7: 月 | BT7: 火 | BU7: 水 | BV7: 木 | BW7: 金 | BX7: 土 | BY7: 日 | BZ7: 月 | CA7: 火 | CB7: 水 | CC7: 木 | CD7: 金 | CE7: 土 | CF7: 日 | CG7: 月 | CH7: 火 | CI7: 水 | CJ7: 木 | CK7: 金 | CL7: 土 | CM7: 日 | CN7: 月 | CO7: 火 | CP7: 水 | CQ7: 木 | CR7: 金 | CS7: 土 | CT7: 日 | CU7: 月 | CV7: 火 | CW7: 水 | CX7: 木 | CY7: 金 | CZ7: 土 | DA7: 日 | DB7: 月 | DC7: 火 | DD7: 水 | DE7: 木 | DF7: 金 | DG7: 土 | DH7: 日 | DI7: 月 | DJ7: 火 | DK7: 水 | DL7: 木 | DM7: 金 | DN7: 土 | DO7: 日 | DP7: 月 | DQ7: 火 | DR7: 水 | DS7: 木 | DT7: 金 | DU7: 土 | DV7: 日 | DW7: 月 | DX7: 火 | DY7: 水 | DZ7: 木 | EA7: 金 | EB7: 土 | EC7: 日 | ED7: 月 | EE7: 火 | EF7: 水 | EG7: 木 | EH7: 金 | EI7: 土 | EJ7: 日 | EK7: 月 | EL7: 火 | EM7: 水 | EN7: 木 | EO7: 金 | EP7: 土 | EQ7: 日 | ER7: 月 | ES7: 火 | ET7: 水 | EU7: 木 | EV7: 金 | EW7: 土 | EX7: 日 | EY7: 月 | EZ7: 火 | FA7: 水 | FB7: 木 | FC7: 金 | FD7: 土 | FE7: 日 | FF7: 月 | FG7: 火 | FH7: 水 | FI7: 木 | FJ7: 金 | FK7: 土 | FL7: 日 | FM7: 月 | FN7: 火 | FO7: 水 | FP7: 木 | FQ7: 金 | FR7: 土 | FS7: 日 | FT7: 月 | FU7: 火 | FV7: 水 | FW7: 木 | FX7: 金 | FY7: 土 | FZ7: 日 | GA7: 月 | GB7: 火 | GC7: 水 | GD7: 木 | GE7: 金 | GF7: 土 | GG7: 日 | GH7: 月 | GI7: 火 | GJ7: 水 | GK7: 木 | GL7: 金 | GM7: 土 | GN7: 日 | GO7: 月 | GP7: 火 | GQ7: 水 | GR7: 木 | GS7: 金 | GT7: 土 | GU7: 日 | GV7: 月 | GW7: 火 | GX7: 水 | GY7: 木 | GZ7: 金 | HA7: 土 | HB7: 日 | HC7: 月 | HD7: 火 | HE7: 水 | HF7: 木 | HG7: 金 | HH7: 土 | HI7: 日 | HJ7: 月 | HK7: 火 | HL7: 水 | HM7: 木 | HN7: 金 | HO7: 土 | HP7: 日 | HQ7: 月 | HR7: 火 | HS7: 水 | HT7: 木 | HU7: 金 | HV7: 土 | HW7: 日 | HX7: 月 | HY7: 火 | HZ7: 水 | IA7: 木 | IB7: 金 | IC7: 土 | ID7: 日 | IE7: 月 | IF7: 火 | IG7: 水 | IH7: 木 | II7: 金 | IJ7: 土 | IK7: 日 | IL7: 月 | IM7: 火 | IN7: 水 | IO7: 木 | IP7: 金 | IQ7: 土 | IR7: 日 | IS7: 月 | IT7: 火 | IU7: 水 | IV7: 木 | IW7: 金 | IX7: 土 | IY7: 日 | IZ7: 月 | JA7: 火 | JB7: 水 | JC7: 木 | JD7: 金 | JE7: 土 | JF7: 日 | JG7: 月 | JH7: 火 | JI7: 水 | JJ7: 木 | JK7: 金 | JL7: 土 | JM7: 日 | JN7: 月 | JO7: 火 | JP7: 水 | JQ7: 木 | JR7: 金 | JS7: 土 | JT7: 日 | JU7: 月 | JV7: 火 | JW7: 水 | JX7: 木 | JY7: 金 | JZ7: 土 | KA7: 日 | KB7: 月 | KC7: 火 | KD7: 水 | KE7: 木 | KF7: 金 | KG7: 土 | KH7: 日 | KI7: 月 | KJ7: 火 | KK7: 水 | KL7: 木 | KM7: 金 | KN7: 土 | KO7: 日 | KP7: 月 | KQ7: 火 | KR7: 水 | KS7: 木 | KT7: 金 | KU7: 土 | KV7: 日 | KW7: 月 | KX7: 火 | KY7: 水 | KZ7: 木 | LA7: 金 | LB7: 土 | LC7: 日 | LD7: 月 | LE7: 火 | LF7: 水 | LG7: 木 | LH7: 金 | LI7: 土 | LJ7: 日 | LK7: 月 | LL7: 火 | LM7: 水 | LN7: 木 | LO7: 金 | LP7: 土 | LQ7: 日 | LR7: 月 | LS7: 火 | LT7: 水 | LU7: 木 | LV7: 金 | LW7: 土 | LX7: 日 | LY7: 月 | LZ7: 火 | MA7: 水 | MB7: 木 | MC7: 金 | MD7: 土 | ME7: 日 | MF7: 月 | MG7: 火 | MH7: 水 | MI7: 木 | MJ7: 金 | MK7: 土 | ML7: 日 | MM7: 月 | MN7: 火 | MO7: 水 | MP7: 木 | MQ7: 金 | MR7: 土 | MS7: 日 | MT7: 月 | MU7: 火 | MV7: 水 | MW7: 木 | MX7: 金 | MY7: 土 | MZ7: 日 | NA7: 月 | NB7: 火 | NC7: 水 | ND7: 木 | NE7: 金 | NF7: 土 | NG7: 日 | NH7: 月 | NI7: 火 | NJ7: 水 | NK7: 木 | NL7: 金 | NM7: 土 | NN7: 日 | NO7: 月 | NP7: 火 | NQ7: 水 | NR7: 木 | NS7: 金 | NT7: 土 | NU7: 日 | NV7: 月 | NW7: 火 | NX7: 水 | NY7: 木 | NZ7: 金 | OA7: 土 | OB7: 日 | OC7: 月 | OD7: 火 | OE7: 水 | OF7: 木 | OG7: 金 | OH7: 土 | OI7: 日 | OJ7: 月 | OK7: 火 | OL7: 水 | OM7: 木 | ON7: 金 | OO7: 土 | OP7: 日 | OQ7: 月 | OR7: 火 | OS7: 水 | OT7: 木 | OU7: 金 | OV7: 土 | OW7: 日 | OX7: 月 | OY7: 火 | OZ7: 水 | PA7: 木 | PB7: 金 | PC7: 土 | PD7: 日 | PE7: 月 | PF7: 火 | PG7: 水 | PH7: 木 | PI7: 金 | PJ7: 土 | PK7: 日 | PL7: 月 | PM7: 火 | PN7: 水 | PO7: 木 | PP7: 金 | PQ7: 土 | PR7: 日 | PS7: 月 | PT7: 火 | PU7: 水 | PV7: 木 | PW7: 金 | PX7: 土 | PY7: 日 | PZ7: 月 | QA7: 火 | QB7: 水 | QC7: 木 | QD7: 金 | QE7: 土 | QF7: 日 | QG7: 月 | QH7: 火 | QI7: 水 | QJ7: 木 | QK7: 金 | QL7: 土 | QM7: 日 | QN7: 月 | QO7: 火 | QP7: 水 | QQ7: 木 | QR7: 金 | QS7: 土 | QT7: 日 | QU7: 月 | QV7: 火 | QW7: 水 | QX7: 木 | QY7: 金 | QZ7: 土 | RA7: 日 | RB7: 月 | RC7: 火 | RD7: 水 | RE7: 木 | RF7: 金 | RG7: 土 | RH7: 日 | RI7: 月 | RJ7: 火 | RK7: 水 | RL7: 木 | RM7: 金 | RN7: 土 | RO7: 日 | RP7: 月 | RQ7: 火 | RR7: 水 | RS7: 木 | RT7: 金 | RU7: 土 | RV7: 日 | RW7: 月 | RX7: 火 | RY7: 水 | RZ7: 木 | SA7: 金 | SB7: 土
B8: 2809 | C8: 受注 | J8: 45597 | K8: 45597
D9: 受注説明会 | E9: 全て | F9: ー | G9: 岡本 | H9: 1 | I9: 社内製作仕様書 | J9: 45597 | K9: 45597
C10: 基本設計＆計画承認 | J10: 45622 | K10: 45688
D11: 計画設計 | G11: 宮崎 | H11: 1 | J11: 45622 | K11: 45622
D12: 計画図客先提出 | G12: 岡本 | H12: 1 | J12: 45623 | K12: 45632
D13: 客先承認 | G13: 岡本 | H13: 1 | J13: 45635 | K13: 45646
D14: 操作盤外形図検討 | G14: 電気技術 | H14: 1 | I14: 電気工程会議議事録 | J14: 45649 | K14: 45653
D15: 外形図客先提出 | G15: 電気技術 | H15: 1 | J15: 45663 | K15: 45667
D16: 電気図面設計 | G16: 電気技術 | H16: 1 | J16: 45670 | K16: 45674
D17: 電気図面客先提出 | G17: 電気技術 | H17: 1 | J17: 45677 | K17: 45681
D18: 客先承認 | G18: 岡本 | H18: 1 | J18: 45684 | K18: 45688
C19: 部品手配➀ | J19: 45689 | K19: 45838
D20: 長納期購入品 機械検討＆手配 | G20: 製造管理 | H20: 1 | I20: 出荷状況 | J20: 45689 | K20: 45695
D21: 長納期購入品 電気品 EE | G21: 電気技術 | H21: 1 | J21: 45698 | K21: 45702
D23: 長納期製作品手配＆手配 | G23: 製造管理 | H23: 1 | J23: 45689 | K23: 45838
C24: 出図＆部品手配➁ | J24: 45698 | K24: 45874
D25: 出図進捗 | E25: FL | F25: GS | G25: 宮崎 | H25: 1 | I25: 出図状況 | J25: 45698 | K25: 45709
D26: 製作品納期 | G26: 製造管理 | H26: 1 | I26: Production Control | J26: 45839 | K26: 45869
D27: 購入品納期
D28: 組立図進捗 | G28: ー | H28: 1 | I28: 出図状況 | J28: 45839 | K28: 45869
D29: 神戸納入予定日 | G29: 製造管理 | H29: 1 | I29: Production Control | J29: 45839 | K29: 45869
D30: 出図進捗 | E30: FL | F30: PR1 | G30: 宮崎 | H30: 1 | I30: 出図状況 | J30: 45698 | K30: 45709
D31: 製作品納期 | G31: 製造管理 | H31: 1 | I31: Production Control | J31: 45839 | K31: 45869
D32: 組立図進捗 | G32: ー | H32: 1 | I32: 出図状況 | J32: 45839 | K32: 45869
D33: 神戸納入予定日 | G33: 製造管理 | H33: 1 | I33: Production Control | J33: 45839 | K33: 45869
D34: 艤装出図進捗 | E34: FL | F34: 機械他 | G34: 電気技術 | H34: 1 | I34: 出図状況 | J34: 45778 | K34: 45808
D35: 製作品納期 | G35: 製造管理 | H35: 1 | I35: Production Control | J35: 45717 | K35: 45874
D36: 艤装組立図進捗 | G36: 電気技術 | H36: 1 | I36: 出図状況 | J36: 45782 | K36: 45869
D37: 神戸納入予定日 | G37: 製造管理 | H37: 1 | I37: Production Control | J37: 45839 | K37: 45869
D38: 艤装出図進捗 | E38: SW | F38: 全て | G38: 電気技術 | H38: 1 | I38: 出図状況 | J38: 45778 | K38: 45808
D39: 製作品納期 | G39: 製造管理 | H39: 1 | I39: Production Control | J39: 45717 | K39: 45874
D40: 艤装組立図進捗 | G40: 電気技術 | H40: 1 | I40: 出図状況 | J40: 45782 | K40: 45869
D41: 神戸納入予定日 | G41: 製造管理 | H41: 1 | I41: Production Control | J41: 45839 | K41: 45869
D42: 艤装出図進捗 | E42: FL | F42: OF1 | G42: 電気技術 | H42: 1 | I42: 出図状況 | J42: 45778 | K42: 45808
D43: 製作品納期 | G43: 製造管理 | H43: 1 | I43: Production Control | J43: 45717 | K43: 45874
D44: 艤装組立図進捗 | G44: 電気技術 | H44: 1 | I44: 出図状況 | J44: 45782 | K44: 45869
D45: 神戸納入予定日 | G45: 製造管理 | H45: 1 | I45: Production Control | J45: 45839 | K45: 45869
C46: 電気設計 | J46: 45809 | K46: 45833
D47: 最終電気図面 | G47: 電気技術 | H47: 1 | I47: 電気工程会議議事録 | J47: 45809 | K47: 45818
D48: 部品手配 | G48: 電気技術 | J48: 45833 | K48: 45833
C49: 盤組立 | J49: 45839 | K49: 45898
D50: 電気品部品納期 | E50: 全て | G50: 資材 | I50: Production Control | J50: 45839 | K50: 45868
D51: 盤組立 | E51: FL | G51: 守時 | H51: 1 | I51: 組立工程表 | J51: 45873 | K51: 45891
E52: EN | G52: 守時 | H52: 1 | J52: 45887 | K52: 45898
C53: 組立全体 | J53: 225/7/28 | K53: 46017
C54: FL | D54: 組立 | E54: FL | F54: GS | G54: 米澤 | H54: 1 | I54: 組立工程表 | J54: 45887 | K54: 46003
F55: PR1 | G55: 古賀 | J55: 45887 | K55: 45989
F56: 全て | G56: 米澤 | J56: 45887 | K56: 46003
D57: 電気艤装 | E57: FL | F57: ー | G57: 木村(至) | H57: 1 | J57: 45888 | K57: 46001
C58: SW | D58: 組立 | E58: SW | F58: ー | G58: 古賀 | H58: 1 | J58: 45887 | K58: 46003
D59: 電気艤装 | E59: SW | F59: ー | G59: 木村(至) | J59: 45992 | K59: 46003
C60: UC | D60: 組立 | E60: UC | F60: ー | G60: 桂/長谷川 | H60: 1 | J60: 45887 | K60: 46017
D61: 電気艤装 | E61: UC | G61: 木村(至) | J61: 46006 | K61: 46017
C62: LM | D62: 組立 | E62: LM | F62: ー | G62: 香西 | H62: 1 | J62: 45866 | K62: 45891
C63: LE | D63: 組立 | E63: LE | F63: ー | G63: 山下 | H63: 1 | J63: 45901 | K63: 45940
C64: 外観検査 | J64: 46007 | K64: 46028
E65: FL | F65: ー | G65: 品証 | H65: 1 | I65: 工程会議議事録 | J65: 46007 | K65: 46007
E66: SW | F66: ー | G66: 品証 | J66: 46014 | K66: 46014
E67: UC | F67: ー | G67: 品証 | H67: 1 | J67: 46028 | K67: 46028
C68: タスクリスト作成 | J68: 46007 | K68: 46007
E69: EN | F69: ー | G69: 製造管理 | H69: 1 | I69: ENタスクリスト | J69: 46007 | K69: 46007
E70: FL | F70: ー | G70: 製造管理 | J70: 46007 | K70: 46007
C71: 試運転 | J71: 46008 | K71: 46038
C72: FL | D72: IOチェック | H72: 1 | I72: 操業工程表 | J72: 46008 | K72: 46010
D73: 単体動作確認 | H73: 1 | J73: 46013 | K73: 46015
D74: 全体動作確認 | H74: 1 | J74: 46016 | K74: 46017
D75: プログラム調整 | J75: 46028 | K75: 46031
D76: 機械調整 | J76: 46031 | K76: 46033
D77: サイクルタイム確認 | J77: 46037 | K77: 46038
C78: EN | D78: IOチェック | H78: 1 | I78: 操業工程表 | J78: 46008 | K78: 46010
D79: 単体動作確認 | H79: 1 | J79: 46013 | K79: 46015
D80: 全体動作確認 | H80: 1 | J80: 46016 | K80: 46017
D81: プログラム調整 | J81: 46028 | K81: 46031
D82: 機械調整 | J82: 46031 | K82: 46033
D83: サイクルタイム確認 | J83: 46037 | K83: 46038
C84: 客先立会 | J84: 46035 | K84: 46035
E85: 全て | F85: ー | G85: 岡本 | H85: 1 | I85: 工程会議議事録 | J85: 46035 | K85: 46035
C86: 出荷確認会議 | J86: 46036 | K86: 46036
E87: 全て | F87: ー | G87: 品証 | I87: 工程会議議事録 | J87: 46036 | K87: 46036
C88: 出荷 | J88: 46041 | K88: 46058
D89: 出荷準備 | E89: 全て | F89: ー | G89: ー | I89: 組立工程表 | J89: 46041 | K89: 46052
D90: 出荷 | E90: FL | F90: GS | G90: 米澤 | I90: 出荷入荷予定一覧 | J90: 46056 | K90: 46056
E91: UC | F91: MU | G91: 桂 | J91: 46057 | K91: 46057
E92: SW | F92: MU | G92: 古賀 | J92: 46058 | K92: 46058

Sheet 打ち合わせ記録
B3: 46042 | C3: 新規のテンプレを作成
C4: 機械ごとに決めておく
C5: 記入すると自動で工程表になるようにする
C6: 変更や修正をテンプレ上でできる
C8: 最長納期を表示する
C9: 手配漏れをチェックするようにする
C10: 図番を記載する
C11: 長納期品のチェックリスト
C12: 長納期品の最終納期が確認できる
C14: 工程を自動を荒工程を作成できるようにする
C15: 出荷日を入れるとザックリできる
C17: 予定はバー表示 実際は別表記
C19: 相互に変更がされるようにする
... C43: スーパーベース

Sheet Sheet1
B2: ー | C2: ー | D2: ー
B3: 全て | C3: 全て | D3: 岡本
B4: EN | C4: EE | D4: 宮崎
B5: FL | C5: GS | D5: 米澤
B6: SW | C6: AB | D6: 香西
B7: UC | C7: OF1 | D7: 古賀
B8: LM | C8: OF2 | D8: 山下
B9: LE | C9: OF3 | D9: 桂
C10: OF4 | D10: 長谷川
C11: OB1 | D11: 前田
C12: OB2 | D12: 大西
C13: SI | D13: 木村(至)
C14: GR1 | D14: 木村(圭)
C15: GR2 | D15: 守時
C16: GR3 | D16: 品証
C17: GR4 | D17: 製造管理
C18: GR5 | D18: 電気技術
C19: PR1 | D19: 資材
C20: PR2 | D20: 未定
C21: DR
C22: IB1
C23: IB2
C24: HY
C25: TF
C26: UP
C27: CU
C28: LW
C29: WM
C30: EX
C31: SR
C32: MU
C33: 機械他

Sheet Sheet2
R1: 0 | S1: 0 | T1: 0 | U1: 0 | V1: 0 | W1: 0 | X1: 0 | Y1: 0 | Z1: 0 | AA1: 0 | AB1: 0 | AC1: 0 | AD1: 0 | AE1: 0 | AF1: 0 | AG1: 2 | AH1: 2
B2: 組立部 工程計画表 | R2: 1 | V2: 2 | Z2: 3 | AE2: 4 | AI2: 5 | AM2: 6 | AR2: 7 | AV2: 8 | BA2: 9 | BE2: 10 | BI2: 11 | BN2: 12 | BR2: 1 | BV2: 2 | BZ2: 3 | CE2: 4
R3: 46027 | S3: =+R3+7 -> 46034 | T3: =+S3+7 -> 46041 | U3: =+T3+7 -> 46048 | V3: =+U3+7 -> 46055 | W3: =+V3+7 -> 46062 | X3: =+W3+7 -> 46069 | Y3: =+X3+7 -> 46076 | Z3: =+Y3+7 -> 46083 | ... CH3: =+CG3+7 -> 46503
R4: 5 | S4: 12 | T4: 19 | U4: 26 | V4: 2 | W4: 9 | X4: 16 | Y4: 23 | Z4: 2 | AA4: 9 | AB4: 16 | AC4: 23 | AD4: 30 | AE4: 6 | AF4: 13 | AG4: 20 | AH4: 27 | AI4: 4 | AJ4: 11 | AK4: 18 | AL4: 25 | AM4: 1 | AN4: 8 | AO4: 15 | AP4: 22 | AQ4: 29 | AR4: 6 | AS4: 13 | AT4: 20 | AU4: 27 | AV4: 3 | AW4: 10 | AX4: 17 | AY4: 24 | AZ4: 31 | BA4: 7 | BB4: 14 | BC4: 21 | BD4: 28 | BE4: 5 | BF4: 12 | BG4: 19 | BH4: 26 | BI4: 2 | BJ4: 9 | BK4: 16 | BL4: 23 | BM4: 30 | BN4: 7 | BO4: 14 | BP4: 21 | BQ4: 28 | BR4: 4 | BS4: 11 | BT4: 18 | BU4: 25 | BV4: 1 | BW4: 8 | BX4: 15 | BY4: 22 | BZ4: 1 | CA4: 8 | CB4: 15 | CC4: 22 | CD4: 29 | CE4: 5 | CF4: 12 | CG4: 19 | CH4: 26
B5: 工事番号 | C5: 機械ﾕﾆｯﾄ | D5: 出荷日 | E5: 列1 | F5: 備考 | G5: 塗装 | H5: 組立開始 | I5: 組立終了 | J5: 組立担当者 | K5: 電装開始 | L5: 電装終了 | M5: 試運転開始 | N5: 試運転終了 | O5: 準備開始 | P5: 準備終了 | Q5: 担当者 | R5: 月 | S5: 月 | T5: 月 | U5: 月 | V5: 月 | W5: 月 | X5: 月 | Y5: 月 | Z5: 月 | AA5: 月 | AB5: 月 | AC5: 月 | AD5: 月 | AE5: 月 | AF5: 月 | AG5: 月 | AH5: 月 | AI5: 月 | AJ5: 月 | AK5: 月 | AL5: 月 | AM5: 月 | AN5: 月 | AO5: 月 | AP5: 月 | AQ5: 月 | AR5: 月 | AS5: 月 | AT5: 月 | AU5: 月 | AV5: 月 | AW5: 月 | AX5: 月 | AY5: 月 | AZ5: 月 | BA5: 月 | BB5: 月 | BC5: 月 | BD5: 月 | BE5: 月 | BF5: 月 | BG5: 月 | BH5: 月 | BI5: 月 | BJ5: 月 | BK5: 月 | BL5: 月 | BM5: 月 | BN5: 月 | BO5: 月 | BP5: 月 | BQ5: 月 | BR5: 月 | BS5: 月 | BT5: 月 | BU5: 月 | BV5: 月 | BW5: 月 | BX5: 月 | BY5: 月 | BZ5: 月 | CA5: 月 | CB5: 月 | CC5: 月 | CD5: 月 | CE5: 月 | CF5: 月 | CG5: 月 | CH5: 月
B6: 2809 | C6: UC | D6: 46057 | E6: 新家千葉 | H6: 45889 | I6: 46017 | J6: 桂長 | K6: 45996 | L6: 46017 | M6: 46027 | N6: 46045 | O6: 46048 | P6: 46059 | Q6: 桂 | R6: =IF(AND(R$3>=$H6, R$3<=$I6), $J6, IF(AND(R$3>=$K6, R$3<=$L6), "電", IF(AND(R$3>=$M6, R$3<=$N6),"試", IF(AND(R$3>=$O6, R$3<=$P6), $Q6, "") ) ) ) -> 試 | S6: =IF(AND(S$3>=$H6, S$3<=$I6), $J6, IF(AND(S$3>=$K6, S$3<=$L6), "電", IF(AND(S$3>=$M6, S$3<=$N6),"試", IF(AND(S$3>=$O6, S$3<=$P6), $Q6, "") ) ) ) -> 試 | T6: =IF(AND(T$3>=$H6, T$3<=$I6), $J6, IF(AND(T$3>=$K6, T$3<=$L6), "電", IF(AND(T$3>=$M6, T$3<=$N6),"試", IF(AND(T$3>=$O6, T$3<=$P6), $Q6, "") ) ) ) -> 試 | U6: =IF(AND(U$3>=$H6, U$3<=$I6), $J6, IF(AND(U$3>=$K6, U$3<=$L6), "電", IF(AND(U$3>=$M6, U$3<=$N6),"試", IF(AND(U$3>=$O6, U$3<=$P6), $Q6, "") ) ) ) -> 桂 | V6: =IF(AND(V$3>=$H6, V$3<=$I6), $J6, IF(AND(V$3>=$K6, V$3<=$L6), "電", IF(AND(V$3>=$M6, V$3<=$N6),"試", IF(AND(V$3>=$O6, V$3<=$P6), $Q6, "") ) ) ) -> 桂 | W6: =IF(AND(W$3>=$H6, W$3<=$I6), $J6, IF(AND(W$3>=$K6, W$3<=$L6), "電", IF(AND(W$3>=$M6, W$3<=$N6),"試", IF(AND(W$3>=$O6, W$3<=$P6), $Q6, "") ) ) ) | X6: =IF(AND(X$3>=$H6, X$3<=$I6), $J6, IF(AND(X$3>=$K6, X$3<=$L6), "電", IF(AND(X$3>=$M6, X$3<=$N6),"試", IF(AND(X$3>=$O6, X$3<=$P6), $Q6, "") ) ) ) | Y6: =IF(AND(Y$3>=$H6, Y$3<=$I6), $J6, IF(AND(Y$3>=$K6, Y$3<=$L6), "電", IF(AND(Y$3>=$M6, Y$3<=$N6),"試", IF(AND(Y$3>=$O6, Y$3<=$P6), $Q6, "") ) ) ) | ... AH6: =IF(AND(AH$3>=$H6, AH$3<=$I6), $J6, IF(AND(AH$3>=$K6, AH$3<=$L6), "電", IF(AND(AH$3>=$M6, AH$3<=$N6),"試", IF(AND(AH$3>=$O6, AH$3<=$P6), $Q6, "") ) ) ) | AJ6: =IF(AND(AJ$3>=$H6, AJ$3<=$I6), $J6, IF(AND(AJ$3>=$K6, AJ$3<=$L6), "電", IF(AND(AJ$3>=$M6, AJ$3<=$N6),"試", IF(AND(AJ$3>=$O6, AJ$3<=$P6), $Q6, "") ) ) ) | AK6: =IF(AND(AK$3>=$H6, AK$3<=$I6), $J6, IF(AND(AK$3>=$K6, AK$3<=$L6), "電", IF(AND(AK$3>=$M6, AK$3<=$N6),"試", IF(AND(AK$3>=$O6, AK$3<=$P6), $Q6, "") ) ) ) | AL6: =IF(AND(AL$3>=$H6, AL$3<=$I6), $J6, IF(AND(AL$3>=$K6, AL$3<=$L6), "電", IF(AND(AL$3>=$M6, AL$3<=$N6),"試", IF(AND(AL$3>=$O6, AL$3<=$P6), $Q6, "") ) ) ) | AM6: =IF(AND(AM$3>=$H6, AM$3<=$I6), $J6, IF(AND(AM$3>=$K6, AM$3<=$L6), "電", IF(AND(AM$3>=$M6, AM$3<=$N6),"試", IF(AND(AM$3>=$O6, AM$3<=$P6), $Q6, "") ) ) ) | AN6: =IF(AND(AN$3>=$H6, AN$3<=$I6), $J6, IF(AND(AN$3>=$K6, AN$3<=$L6), "電", IF(AND(AN$3>=$M6, AN$3<=$N6),"試", IF(AND(AN$3>=$O6, AN$3<=$P6), $Q6, "") ) ) ) | AO6: =IF(AND(AO$3>=$H6, AO$3<=$I6), $J6, IF(AND(AO$3>=$K6, AO$3<=$L6), "電", IF(AND(AO$3>=$M6, AO$3<=$N6),"試", IF(AND(AO$3>=$O6, AO$3<=$P6), $Q6, "") ) ) ) | AP6: =IF(AND(AP$3>=$H6, AP$3<=$I6), $J6, IF(AND(AP$3>=$K6, AP$3<=$L6), "電", IF(AND(AP$3>=$M6, AP$3<=$N6),"試", IF(AND(AP$3>=$O6, AP$3<=$P6), $Q6, "") ) ) ) | AQ6: =IF(AND(AQ$3>=$H6, AQ$3<=$I6), $J6, IF(AND(AQ$3>=$K6, AQ$3<=$L6), "電", IF(AND(AQ$3>=$M6, AQ$3<=$N6),"試", IF(AND(AQ$3>=$O6, AQ$3<=$P6), $Q6, "") ) ) ) | ... CH6: =IF(AND(CH$3>=$H6, CH$3<=$I6), $J6, IF(AND(CH$3>=$K6, CH$3<=$L6), "電", IF(AND(CH$3>=$M6, CH$3<=$N6),"試", IF(AND(CH$3>=$O6, CH$3<=$P6), $Q6, "") ) ) )
B7: 2809 | C7: LE | D7: 46056 | E7: 新家千葉 | F7: 完了 | H7: 45901 | I7: 45940 | J7: 山 | M7: 46027 | N7: 46045 | O7: 46048 | P7: 46059 | Q7: 米 | R7: =IF(AND(R$3>=$H7, R$3<=$I7), $J7, IF(AND(R$3>=$K7, R$3<=$L7), "電", IF(AND(R$3>=$M7, R$3<=$N7),"試", IF(AND(R$3>=$O7, R$3<=$P7), $Q7, "") ) ) ) -> 試 | S7: =IF(AND(S$3>=$H7, S$3<=$I7), $J7, IF(AND(S$3>=$K7, S$3<=$L7), "電", IF(AND(S$3>=$M7, S$3<=$N7),"試", IF(AND(S$3>=$O7, S$3<=$P7), $Q7, "") ) ) ) -> 試 | T7: =IF(AND(T$3>=$H7, T$3<=$I7), $J7, IF(AND(T$3>=$K7, T$3<=$L7), "電", IF(AND(T$3>=$M7, T$3<=$N7),"試", IF(AND(T$3>=$O7, T$3<=$P7), $Q7, "") ) ) ) -> 試 | U7: =IF(AND(U$3>=$H7, U$3<=$I7), $J7, IF(AND(U$3>=$K7, U$3<=$L7), "電", IF(AND(U$3>=$M7, U$3<=$N7),"試", IF(AND(U$3>=$O7, U$3<=$P7), $Q7, "") ) ) ) -> 米 | V7: =IF(AND(V$3>=$H7, V$3<=$I7), $J7, IF(AND(V$3>=$K7, V$3<=$L7), "電", IF(AND(V$3>=$M7, V$3<=$N7),"試", IF(AND(V$3>=$O7, V$3<=$P7), $Q7, "") ) ) ) -> 米 | W7: =IF(AND(W$3>=$H7, W$3<=$I7), $J7, IF(AND(W$3>=$K7, W$3<=$L7), "電", IF(AND(W$3>=$M7, W$3<=$N7),"試", IF(AND(W$3>=$O7, W$3<=$P7), $Q7, "") ) ) ) | X7: =IF(AND(X$3>=$H7, X$3<=$I7), $J7, IF(AND(X$3>=$K7, X$3<=$L7), "電", IF(AND(X$3>=$M7, X$3<=$N7),"試", IF(AND(X$3>=$O7, X$3<=$P7), $Q7, "") ) ) ) | Y7: =IF(AND(Y$3>=$H7, Y$3<=$I7), $J7, IF(AND(Y$3>=$K7, Y$3<=$L7), "電", IF(AND(Y$3>=$M7, Y$3<=$N7),"試", IF(AND(Y$3>=$O7, Y$3<=$P7), $Q7, "") ) ) ) | ... AH7: =IF(AND(AH$3>=$H7, AH$3<=$I7), $J7, IF(AND(AH$3>=$K7, AH$3<=$L7), "電", IF(AND(AH$3>=$M7, AH$3<=$N7),"試", IF(AND(AH$3>=$O7, AH$3<=$P7), $Q7, "") ) ) ) | AJ7: =IF(AND(AJ$3>=$H7, AJ$3<=$I7), $J7, IF(AND(AJ$3>=$K7, AJ$3<=$L7), "電", IF(AND(AJ$3>=$M7, AJ$3<=$N7),"試", IF(AND(AJ$3>=$O7, AJ$3<=$P7), $Q7, "") ) ) ) | AK7: =IF(AND(AK$3>=$H7, AK$3<=$I7), $J7, IF(AND(AK$3>=$K7, AK$3<=$L7), "電", IF(AND(AK$3>=$M7, AK$3<=$N7),"試", IF(AND(AK$3>=$O7, AK$3<=$P7), $Q7, "") ) ) ) | AL7: =IF(AND(AL$3>=$H7, AL$3<=$I7), $J7, IF(AND(AL$3>=$K7, AL$3<=$L7), "電", IF(AND(AL$3>=$M7, AL$3<=$N7),"試", IF(AND(AL$3>=$O7, AL$3<=$P7), $Q7, "") ) ) ) | AM7: =IF(AND(AM$3>=$H7, AM$3<=$I7), $J7, IF(AND(AM$3>=$K7, AM$3<=$L7), "電", IF(AND(AM$3>=$M7, AM$3<=$N7),"試", IF(AND(AM$3>=$O7, AM$3<=$P7), $Q7, "") ) ) ) | AN7: =IF(AND(AN$3>=$H7, AN$3<=$I7), $J7, IF(AND(AN$3>=$K7, AN$3<=$L7), "電", IF(AND(AN$3>=$M7, AN$3<=$N7),"試", IF(AND(AN$3>=$O7, AN$3<=$P7), $Q7, "") ) ) ) | AO7: =IF(AND(AO$3>=$H7, AO$3<=$I7), $J7, IF(AND(AO$3>=$K7, AO$3<=$L7), "電", IF(AND(AO$3>=$M7, AO$3<=$N7),"試", IF(AND(AO$3>=$O7, AO$3<=$P7), $Q7, "") ) ) ) | AP7: =IF(AND(AP$3>=$H7, AP$3<=$I7), $J7, IF(AND(AP$3>=$K7, AP$3<=$L7), "電", IF(AND(AP$3>=$M7, AP$3<=$N7),"試", IF(AND(AP$3>=$O7, AP$3<=$P7), $Q7, "") ) ) ) | AQ7: =IF(AND(AQ$3>=$H7, AQ$3<=$I7), $J7, IF(AND(AQ$3>=$K7, AQ$3<=$L7), "電", IF(AND(AQ$3>=$M7, AQ$3<=$N7),"試", IF(AND(AQ$3>=$O7, AQ$3<=$P7), $Q7, "") ) ) ) | ... CH7: =IF(AND(CH$3>=$H7, CH$3<=$I7), $J7, IF(AND(CH$3>=$K7, CH$3<=$L7), "電", IF(AND(CH$3>=$M7, CH$3<=$N7),"試", IF(AND(CH$3>=$O7, CH$3<=$P7), $Q7, "") ) ) )
B8: 2809 | C8: LM | D8: 46058 | E8: 新家千葉 | F8: 完了 | H8: 45866 | I8: 45891 | J8: 香 | M8: 46027 | N8: 46045 | O8: 46048 | P8: 46059 | Q8: 古 | R8: =IF(AND(R$3>=$H8, R$3<=$I8), $J8, IF(AND(R$3>=$K8, R$3<=$L8), "電", IF(AND(R$3>=$M8, R$3<=$N8),"試", IF(AND(R$3>=$O8, R$3<=$P8), $Q8, "") ) ) ) -> 試 | S8: =IF(AND(S$3>=$H8, S$3<=$I8), $J8, IF(AND(S$3>=$K8, S$3<=$L8), "電", IF(AND(S$3>=$M8, S$3<=$N8),"試", IF(AND(S$3>=$O8, S$3<=$P8), $Q8, "") ) ) ) -> 試 | T8: =IF(AND(T$3>=$H8, T$3<=$I8), $J8, IF(AND(T$3>=$K8, T$3<=$L8), "電", IF(AND(T$3>=$M8, T$3<=$N8),"試", IF(AND(T$3>=$O8, T$3<=$P8), $Q8, "") ) ) ) -> 試 | U8: =IF(AND(U$3>=$H8, U$3<=$I8), $J8, IF(AND(U$3>=$K8, U$3<=$L8), "電", IF(AND(U$3>=$M8, U$3<=$N8),"試", IF(AND(U$3>=$O8, U$3<=$P8), $Q8, "") ) ) ) -> 古 | V8: =IF(AND(V$3>=$H8, V$3<=$I8), $J8, IF(AND(V$3>=$K8, V$3<=$L8), "電", IF(AND(V$3>=$M8, V$3<=$N8),"試", IF(AND(V$3>=$O8, V$3<=$P8), $Q8, "") ) ) ) -> 古 | W8: =IF(AND(W$3>=$H8, W$3<=$I8), $J8, IF(AND(W$3>=$K8, W$3<=$L8), "電", IF(AND(W$3>=$M8, W$3<=$N8),"試", IF(AND(W$3>=$O8, W$3<=$P8), $Q8, "") ) ) ) | X8: =IF(AND(X$3>=$H8, X$3<=$I8), $J8, IF(AND(X$3>=$K8, X$3<=$L8), "電", IF(AND(X$3>=$M8, X$3<=$N8),"試", IF(AND(X$3>=$O8, X$3<=$P8), $Q8, "") ) ) ) | Y8: =IF(AND(Y$3>=$H8, Y$3<=$I8), $J8, IF(AND(Y$3>=$K8, Y$3<=$L8), "電", IF(AND(Y$3>=$M8, Y$3<=$N8),"試", IF(AND(Y$3>=$O8, Y$3<=$P8), $Q8, "") ) ) ) | ... AH8: =IF(AND(AH$3>=$H8, AH$3<=$I8), $J8, IF(AND(AH$3>=$K8, AH$3<=$L8), "電", IF(AND(AH$3>=$M8, AH$3<=$N8),"試", IF(AND(AH$3>=$O8, AH$3<=$P8), $Q8, "") ) ) ) | AJ8: =IF(AND(AJ$3>=$H8, AJ$3<=$I8), $J8, IF(AND(AJ$3>=$K8, AJ$3<=$L8), "電", IF(AND(AJ$3>=$M8, AJ$3<=$N8),"試", IF(AND(AJ$3>=$O8, AJ$3<=$P8), $Q8, "") ) ) ) | AK8: =IF(AND(AK$3>=$H8, AK$3<=$I8), $J8, IF(AND(AK$3>=$K8, AK$3<=$L8), "電", IF(AND(AK$3>=$M8, AK$3<=$N8),"試", IF(AND(AK$3>=$O8, AK$3<=$P8), $Q8, "") ) ) ) | AL8: =IF(AND(AL$3>=$H8, AL$3<=$I8), $J8, IF(AND(AL$3>=$K8, AL$3<=$L8), "電", IF(AND(AL$3>=$M8, AL$3<=$N8),"試", IF(AND(AL$3>=$O8, AL$3<=$P8), $Q8, "") ) ) ) | AM8: =IF(AND(AM$3>=$H8, AM$3<=$I8), $J8, IF(AND(AM$3>=$K8, AM$3<=$L8), "電", IF(AND(AM$3>=$M8, AM$3<=$N8),"試", IF(AND(AM$3>=$O8, AM$3<=$P8), $Q8, "") ) ) ) | AN8: =IF(AND(AN$3>=$H8, AN$3<=$I8), $J8, IF(AND(AN$3>=$K8, AN$3<=$L8), "電", IF(AND(AN$3>=$M8, AN$3<=$N8),"試", IF(AND(AN$3>=$O8, AN$3<=$P8), $Q8, "") ) ) ) | AO8: =IF(AND(AO$3>=$H8, AO$3<=$I8), $J8, IF(AND(AO$3>=$K8, AO$3<=$L8), "電", IF(AND(AO$3>=$M8, AO$3<=$N8),"試", IF(AND(AO$3>=$O8, AO$3<=$P8), $Q8, "") ) ) ) | AP8: =IF(AND(AP$3>=$H8, AP$3<=$I8), $J8, IF(AND(AP$3>=$K8, AP$3<=$L8), "電", IF(AND(AP$3>=$M8, AP$3<=$N8),"試", IF(AND(AP$3>=$O8, AP$3<=$P8), $Q8, "") ) ) ) | AQ8: =IF(AND(AQ$3>=$H8, AQ$3<=$I8), $J8, IF(AND(AQ$3>=$K8, AQ$3<=$L8), "電", IF(AND(AQ$3>=$M8, AQ$3<=$N8),"試", IF(AND(AQ$3>=$O8, AQ$3<=$P8), $Q8, "") ) ) ) | ... CH8: =IF(AND(CH$3>=$H8, CH$3<=$I8), $J8, IF(AND(CH$3>=$K8, CH$3<=$L8), "電", IF(AND(CH$3>=$M8, CH$3<=$N8),"試", IF(AND(CH$3>=$O8, CH$3<=$P8), $Q8, "") ) ) )
B9: 2809 | C9: SW | D9: 46058 | E9: 新家千葉 | H9: 45887 | I9: 46003 | J9: 古 | K9: 45992 | L9: 46010 | M9: 46027 | N9: 46045 | O9: 46048 | P9: 46059 | Q9: 古 | R9: =IF(AND(R$3>=$H9, R$3<=$I9), $J9, IF(AND(R$3>=$K9, R$3<=$L9), "電", IF(AND(R$3>=$M9, R$3<=$N9),"試", IF(AND(R$3>=$O9, R$3<=$P9), $Q9, "") ) ) ) -> 試 | S9: =IF(AND(S$3>=$H9, S$3<=$I9), $J9, IF(AND(S$3>=$K9, S$3<=$L9), "電", IF(AND(S$3>=$M9, S$3<=$N9),"試", IF(AND(S$3>=$O9, S$3<=$P9), $Q9, "") ) ) ) -> 試 | T9: =IF(AND(T$3>=$H9, T$3<=$I9), $J9, IF(AND(T$3>=$K9, T$3<=$L9), "電", IF(AND(T$3>=$M9, T$3<=$N9),"試", IF(AND(T$3>=$O9, T$3<=$P9), $Q9, "") ) ) ) -> 試 | U9: =IF(AND(U$3>=$H9, U$3<=$I9), $J9, IF(AND(U$3>=$K9, U$3<=$L9), "電", IF(AND(U$3>=$M9, U$3<=$N9),"試", IF(AND(U$3>=$O9, U$3<=$P9), $Q9, "") ) ) ) -> 古 | V9: =IF(AND(V$3>=$H9, V$3<=$I9), $J9, IF(AND(V$3>=$K9, V$3<=$L9), "電", IF(AND(V$3>=$M9, V$3<=$N9),"試", IF(AND(V$3>=$O9, V$3<=$P9), $Q9, "") ) ) ) -> 古 | W9: =IF(AND(W$3>=$H9, W$3<=$I9), $J9, IF(AND(W$3>=$K9, W$3<=$L9), "電", IF(AND(W$3>=$M9, W$3<=$N9),"試", IF(AND(W$3>=$O9, W$3<=$P9), $Q9, "") ) ) ) | X9: =IF(AND(X$3>=$H9, X$3<=$I9), $J9, IF(AND(X$3>=$K9, X$3<=$L9), "電", IF(AND(X$3>=$M9, X$3<=$N9),"試", IF(AND(X$3>=$O9, X$3<=$P9), $Q9, "") ) ) ) | Y9: =IF(AND(Y$3>=$H9, Y$3<=$I9), $J9, IF(AND(Y$3>=$K9, Y$3<=$L9), "電", IF(AND(Y$3>=$M9, Y$3<=$N9),"試", IF(AND(Y$3>=$O9, Y$3<=$P9), $Q9, "") ) ) ) | ... AH9: =IF(AND(AH$3>=$H9, AH$3<=$I9), $J9, IF(AND(AH$3>=$K9, AH$3<=$L9), "電", IF(AND(AH$3>=$M9, AH$3<=$N9),"試", IF(AND(AH$3>=$O9, AH$3<=$P9), $Q9, "") ) ) ) | AJ9: =IF(AND(AJ$3>=$H9, AJ$3<=$I9), $J9, IF(AND(AJ$3>=$K9, AJ$3<=$L9), "電", IF(AND(AJ$3>=$M9, AJ$3<=$N9),"試", IF(AND(AJ$3>=$O9, AJ$3<=$P9), $Q9, "") ) ) ) | AK9: =IF(AND(AK$3>=$H9, AK$3<=$I9), $J9, IF(AND(AK$3>=$K9, AK$3<=$L9), "電", IF(AND(AK$3>=$M9, AK$3<=$N9),"試", IF(AND(AK$3>=$O9, AK$3<=$P9), $Q9, "") ) ) ) | AL9: =IF(AND(AL$3>=$H9, AL$3<=$I9), $J9, IF(AND(AL$3>=$K9, AL$3<=$L9), "電", IF(AND(AL$3>=$M9, AL$3<=$N9),"試", IF(AND(AL$3>=$O9, AL$3<=$P9), $Q9, "") ) ) ) | AM9: =IF(AND(AM$3>=$H9, AM$3<=$I9), $J9, IF(AND(AM$3>=$K9, AM$3<=$L9), "電", IF(AND(AM$3>=$M9, AM$3<=$N9),"試", IF(AND(AM$3>=$O9, AM$3<=$P9), $Q9, "") ) ) ) | AN9: =IF(AND(AN$3>=$H9, AN$3<=$I9), $J9, IF(AND(AN$3>=$K9, AN$3<=$L9), "電", IF(AND(AN$3>=$M9, AN$3<=$N9),"試", IF(AND(AN$3>=$O9, AN$3<=$P9), $Q9, "") ) ) ) | AO9: =IF(AND(AO$3>=$H9, AO$3<=$I9), $J9, IF(AND(AO$3>=$K9, AO$3<=$L9), "電", IF(AND(AO$3>=$M9, AO$3<=$N9),"試", IF(AND(AO$3>=$O9, AO$3<=$P9), $Q9, "") ) ) ) | AP9: =IF(AND(AP$3>=$H9, AP$3<=$I9), $J9, IF(AND(AP$3>=$K9, AP$3<=$L9), "電", IF(AND(AP$3>=$M9, AP$3<=$N9),"試", IF(AND(AP$3>=$O9, AP$3<=$P9), $Q9, "") ) ) ) | AQ9: =IF(AND(AQ$3>=$H9, AQ$3<=$I9), $J9, IF(AND(AQ$3>=$K9, AQ$3<=$L9), "電", IF(AND(AQ$3>=$M9, AQ$3<=$N9),"試", IF(AND(AQ$3>=$O9, AQ$3<=$P9), $Q9, "") ) ) ) | ... CH9: =IF(AND(CH$3>=$H9, CH$3<=$I9), $J9, IF(AND(CH$3>=$K9, CH$3<=$L9), "電", IF(AND(CH$3>=$M9, CH$3<=$N9),"試", IF(AND(CH$3>=$O9, CH$3<=$P9), $Q9, "") ) ) )
B10: 2809 | C10: FL | D10: 46056 | E10: 新家千葉 | H10: 45887 | I10: 46003 | J10: 米 | K10: 45985 | L10: 46003 | M10: 46027 | N10: 46045 | O10: 46048 | P10: 46059 | Q10: 米 | R10: =IF(AND(R$3>=$H10, R$3<=$I10), $J10, IF(AND(R$3>=$K10, R$3<=$L10), "電", IF(AND(R$3>=$M10, R$3<=$N10),"試", IF(AND(R$3>=$O10, R$3<=$P10), $Q10, "") ) ) ) -> 試 | S10: =IF(AND(S$3>=$H10, S$3<=$I10), $J10, IF(AND(S$3>=$K10, S$3<=$L10), "電", IF(AND(S$3>=$M10, S$3<=$N10),"試", IF(AND(S$3>=$O10, S$3<=$P10), $Q10, "") ) ) ) -> 試 | T10: =IF(AND(T$3>=$H10, T$3<=$I10), $J10, IF(AND(T$3>=$K10, T$3<=$L10), "電", IF(AND(T$3>=$M10, T$3<=$N10),"試", IF(AND(T$3>=$O10, T$3<=$P10), $Q10, "") ) ) ) -> 試 | U10: =IF(AND(U$3>=$H10, U$3<=$I10), $J10, IF(AND(U$3>=$K10, U$3<=$L10), "電", IF(AND(U$3>=$M10, U$3<=$N10),"試", IF(AND(U$3>=$O10, U$3<=$P10), $Q10, "") ) ) ) -> 米 | V10: =IF(AND(V$3>=$H10, V$3<=$I10), $J10, IF(AND(V$3>=$K10, V$3<=$L10), "電", IF(AND(V$3>=$M10, V$3<=$N10),"試", IF(AND(V$3>=$O10, V$3<=$P10), $Q10, "") ) ) ) -> 米 | W10: =IF(AND(W$3>=$H10, W$3<=$I10), $J10, IF(AND(W$3>=$K10, W$3<=$L10), "電", IF(AND(W$3>=$M10, W$3<=$N10),"試", IF(AND(W$3>=$O10, W$3<=$P10), $Q10, "") ) ) ) | X10: =IF(AND(X$3>=$H10, X$3<=$I10), $J10, IF(AND(X$3>=$K10, X$3<=$L10), "電", IF(AND(X$3>=$M10, X$3<=$N10),"試", IF(AND(X$3>=$O10, X$3<=$P10), $Q10, "") ) ) ) | Y10: =IF(AND(Y$3>=$H10, Y$3<=$I10), $J10, IF(AND(Y$3>=$K10, Y$3<=$L10), "電", IF(AND(Y$3>=$M10, Y$3<=$N10),"試", IF(AND(Y$3>=$O10, Y$3<=$P10), $Q10, "") ) ) ) | ... AH10: =IF(AND(AH$3>=$H10, AH$3<=$I10), $J10, IF(AND(AH$3>=$K10, AH$3<=$L10), "電", IF(AND(AH$3>=$M10, AH$3<=$N10),"試", IF(AND(AH$3>=$O10, AH$3<=$P10), $Q10, "") ) ) ) | AJ10: =IF(AND(AJ$3>=$H10, AJ$3<=$I10), $J10, IF(AND(AJ$3>=$K10, AJ$3<=$L10), "電", IF(AND(AJ$3>=$M10, AJ$3<=$N10),"試", IF(AND(AJ$3>=$O10, AJ$3<=$P10), $Q10, "") ) ) ) | AK10: =IF(AND(AK$3>=$H10, AK$3<=$I10), $J10, IF(AND(AK$3>=$K10, AK$3<=$L10), "電", IF(AND(AK$3>=$M10, AK$3<=$N10),"試", IF(AND(AK$3>=$O10, AK$3<=$P10), $Q10, "") ) ) ) | AL10: =IF(AND(AL$3>=$H10, AL$3<=$I10), $J10, IF(AND(AL$3>=$K10, AL$3<=$L10), "電", IF(AND(AL$3>=$M10, AL$3<=$N10),"試", IF(AND(AL$3>=$O10, AL$3<=$P10), $Q10, "") ) ) ) | AM10: =IF(AND(AM$3>=$H10, AM$3<=$I10), $J10, IF(AND(AM$3>=$K10, AM$3<=$L10), "電", IF(AND(AM$3>=$M10, AM$3<=$N10),"試", IF(AND(AM$3>=$O10, AM$3<=$P10), $Q10, "") ) ) ) | AN10: =IF(AND(AN$3>=$H10, AN$3<=$I10), $J10, IF(AND(AN$3>=$K10, AN$3<=$L10), "電", IF(AND(AN$3>=$M10, AN$3<=$N10),"試", IF(AND(AN$3>=$O10, AN$3<=$P10), $Q10, "") ) ) ) | AO10: =IF(AND(AO$3>=$H10, AO$3<=$I10), $J10, IF(AND(AO$3>=$K10, AO$3<=$L10), "電", IF(AND(AO$3>=$M10, AO$3<=$N10),"試", IF(AND(AO$3>=$O10, AO$3<=$P10), $Q10, "") ) ) ) | AP10: =IF(AND(AP$3>=$H10, AP$3<=$I10), $J10, IF(AND(AP$3>=$K10, AP$3<=$L10), "電", IF(AND(AP$3>=$M10, AP$3<=$N10),"試", IF(AND(AP$3>=$O10, AP$3<=$P10), $Q10, "") ) ) ) | AQ10: =IF(AND(AQ$3>=$H10, AQ$3<=$I10), $J10, IF(AND(AQ$3>=$K10, AQ$3<=$L10), "電", IF(AND(AQ$3>=$M10, AQ$3<=$N10),"試", IF(AND(AQ$3>=$O10, AQ$3<=$P10), $Q10, "") ) ) ) | ... CH10: =IF(AND(CH$3>=$H10, CH$3<=$I10), $J10, IF(AND(CH$3>=$K10, CH$3<=$L10), "電", IF(AND(CH$3>=$M10, CH$3<=$N10),"試", IF(AND(CH$3>=$O10, CH$3<=$P10), $Q10, "") ) ) )
B11: 2810 | C11: FL | D11: 7末or8始 | E11: 光製作所 | F11: 2/10前後に納入予定 | H11: 46027 | I11: 46066 | J11: 外 | K11: 46076 | L11: 46087 | M11: 46090 | N11: 46108 | R11: =IF(AND(R$3>=$H11, R$3<=$I11), $J11, IF(AND(R$3>=$K11, R$3<=$L11), "電", IF(AND(R$3>=$M11, R$3<=$N11),"試", IF(AND(R$3>=$O11, R$3<=$P11), $Q11, "") ) ) ) -> 外 | S11: =IF(AND(S$3>=$H11, S$3<=$I11), $J11, IF(AND(S$3>=$K11, S$3<=$L11), "電", IF(AND(S$3>=$M11, S$3<=$N11),"試", IF(AND(S$3>=$O11, S$3<=$P11), $Q11, "") ) ) ) -> 外 | T11: =IF(AND(T$3>=$H11, T$3<=$I11), $J11, IF(AND(T$3>=$K11, T$3<=$L11), "電", IF(AND(T$3>=$M11, T$3<=$N11),"試", IF(AND(T$3>=$O11, T$3<=$P11), $Q11, "") ) ) ) -> 外 | U11: =IF(AND(U$3>=$H11, U$3<=$I11), $J11, IF(AND(U$3>=$K11, U$3<=$L11), "電", IF(AND(U$3>=$M11, U$3<=$N11),"試", IF(AND(U$3>=$O11, U$3<=$P11), $Q11, "") ) ) ) -> 外 | V11: =IF(AND(V$3>=$H11, V$3<=$I11), $J11, IF(AND(V$3>=$K11, V$3<=$L11), "電", IF(AND(V$3>=$M11, V$3<=$N11),"試", IF(AND(V$3>=$O11, V$3<=$P11), $Q11, "") ) ) ) -> 外 | W11: =IF(AND(W$3>=$H11, W$3<=$I11), $J11, IF(AND(W$3>=$K11, W$3<=$L11), "電", IF(AND(W$3>=$M11, W$3<=$N11),"試", IF(AND(W$3>=$O11, W$3<=$P11), $Q11, "") ) ) ) -> 外 | X11: =IF(AND(X$3>=$H11, X$3<=$I11), $J11, IF(AND(X$3>=$K11, X$3<=$L11), "電", IF(AND(X$3>=$M11, X$3<=$N11),"試", IF(AND(X$3>=$O11, X$3<=$P11), $Q11, "") ) ) ) | Y11: =IF(AND(Y$3>=$H11, Y$3<=$I11), $J11, IF(AND(Y$3>=$K11, Y$3<=$L11), "電", IF(AND(Y$3>=$M11, Y$3<=$N11),"試", IF(AND(Y$3>=$O11, Y$3<=$P11), $Q11, "") ) ) ) -> 電 | ... AH11: =IF(AND(AH$3>=$H11, AH$3<=$I11), $J11, IF(AND(AH$3>=$K11, AH$3<=$L11), "電", IF(AND(AH$3>=$M11, AH$3<=$N11),"試", IF(AND(AH$3>=$O11, AH$3<=$P11), $Q11, "") ) ) ) | AJ11: =IF(AND(AJ$3>=$H11, AJ$3<=$I11), $J11, IF(AND(AJ$3>=$K11, AJ$3<=$L11), "電", IF(AND(AJ$3>=$M11, AJ$3<=$N11),"試", IF(AND(AJ$3>=$O11, AJ$3<=$P11), $Q11, "") ) ) ) | AK11: =IF(AND(AK$3>=$H11, AK$3<=$I11), $J11, IF(AND(AK$3>=$K11, AK$3<=$L11), "電", IF(AND(AK$3>=$M11, AK$3<=$N11),"試", IF(AND(AK$3>=$O11, AK$3<=$P11), $Q11, "") ) ) ) | AL11: =IF(AND(AL$3>=$H11, AL$3<=$I11), $J11, IF(AND(AL$3>=$K11, AL$3<=$L11), "電", IF(AND(AL$3>=$M11, AL$3<=$N11),"試", IF(AND(AL$3>=$O11, AL$3<=$P11), $Q11, "") ) ) ) | AM11: =IF(AND(AM$3>=$H11, AM$3<=$I11), $J11, IF(AND(AM$3>=$K11, AM$3<=$L11), "電", IF(AND(AM$3>=$M11, AM$3<=$N11),"試", IF(AND(AM$3>=$O11, AM$3<=$P11), $Q11, "") ) ) ) | AN11: =IF(AND(AN$3>=$H11, AN$3<=$I11), $J11, IF(AND(AN$3>=$K11, AN$3<=$L11), "電", IF(AND(AN$3>=$M11, AN$3<=$N11),"試", IF(AND(AN$3>=$O11, AN$3<=$P11), $Q11, "") ) ) ) | AO11: =IF(AND(AO$3>=$H11, AO$3<=$I11), $J11, IF(AND(AO$3>=$K11, AO$3<=$L11), "電", IF(AND(AO$3>=$M11, AO$3<=$N11),"試", IF(AND(AO$3>=$O11, AO$3<=$P11), $Q11, "") ) ) ) | AP11: =IF(AND(AP$3>=$H11, AP$3<=$I11), $J11, IF(AND(AP$3>=$K11, AP$3<=$L11), "電", IF(AND(AP$3>=$M11, AP$3<=$N11),"試", IF(AND(AP$3>=$O11, AP$3<=$P11), $Q11, "") ) ) ) | AQ11: =IF(AND(AQ$3>=$H11, AQ$3<=$I11), $J11, IF(AND(AQ$3>=$K11, AQ$3<=$L11), "電", IF(AND(AQ$3>=$M11, AQ$3<=$N11),"試", IF(AND(AQ$3>=$O11, AQ$3<=$P11), $Q11, "") ) ) ) | ... CH11: =IF(AND(CH$3>=$H11, CH$3<=$I11), $J11, IF(AND(CH$3>=$K11, CH$3<=$L11), "電", IF(AND(CH$3>=$M11, CH$3<=$N11),"試", IF(AND(CH$3>=$O11, CH$3<=$P11), $Q11, "") ) ) )
B12: 2810 | C12: FS | D12: 7末or8始 | E12: FSRS、FSSR | H12: 46048 | I12: 46115 | J12: 宮 | K12: 46118 | L12: 46136 | M12: 46139 | N12: 46167 | R12: =IF(AND(R$3>=$H12, R$3<=$I12), $J12, IF(AND(R$3>=$K12, R$3<=$L12), "電", IF(AND(R$3>=$M12, R$3<=$N12),"試", IF(AND(R$3>=$O12, R$3<=$P12), $Q12, "") ) ) ) | S12: =IF(AND(S$3>=$H12, S$3<=$I12), $J12, IF(AND(S$3>=$K12, S$3<=$L12), "電", IF(AND(S$3>=$M12, S$3<=$N12),"試", IF(AND(S$3>=$O12, S$3<=$P12), $Q12, "") ) ) ) | T12: =IF(AND(T$3>=$H12, T$3<=$I12), $J12, IF(AND(T$3>=$K12, T$3<=$L12), "電", IF(AND(T$3>=$M12, T$3<=$N12),"試", IF(AND(T$3>=$O12, T$3<=$P12), $Q12, "") ) ) ) | U12: =IF(AND(U$3>=$H12, U$3<=$I12), $J12, IF(AND(U$3>=$K12, U$3<=$L12), "電", IF(AND(U$3>=$M12, U$3<=$N12),"試", IF(AND(U$3>=$O12, U$3<=$P12), $Q12, "") ) ) ) -> 宮 | V12: =IF(AND(V$3>=$H12, V$3<=$I12), $J12, IF(AND(V$3>=$K12, V$3<=$L12), "電", IF(AND(V$3>=$M12, V$3<=$N12),"試", IF(AND(V$3>=$O12, V$3<=$P12), $Q12, "") ) ) ) -> 宮 | W12: =IF(AND(W$3>=$H12, W$3<=$I12), $J12, IF(AND(W$3>=$K12, W$3<=$L12), "電", IF(AND(W$3>=$M12, W$3<=$N12),"試", IF(AND(W$3>=$O12, W$3<=$P12), $Q12, "") ) ) ) -> 宮 | X12: =IF(AND(X$3>=$H12, X$3<=$I12), $J12, IF(AND(X$3>=$K12, X$3<=$L12), "電", IF(AND(X$3>=$M12, X$3<=$N12),"試", IF(AND(X$3>=$O12, X$3<=$P12), $Q12, "") ) ) ) -> 宮 | Y12: =IF(AND(Y$3>=$H12, Y$3<=$I12), $J12, IF(AND(Y$3>=$K12, Y$3<=$L12), "電", IF(AND(Y$3>=$M12, Y$3<=$N12),"試", IF(AND(Y$3>=$O12, Y$3<=$P12), $Q12, "") ) ) ) -> 宮 | ... AH12: =IF(AND(AH$3>=$H12, AH$3<=$I12), $J12, IF(AND(AH$3>=$K12, AH$3<=$L12), "電", IF(AND(AH$3>=$M12, AH$3<=$N12),"試", IF(AND(AH$3>=$O12, AH$3<=$P12), $Q12, "") ) ) ) -> 試 | AJ12: =IF(AND(AJ$3>=$H12, AJ$3<=$I12), $J12, IF(AND(AJ$3>=$K12, AJ$3<=$L12), "電", IF(AND(AJ$3>=$M12, AJ$3<=$N12),"試", IF(AND(AJ$3>=$O12, AJ$3<=$P12), $Q12, "") ) ) ) -> 試 | AK12: =IF(AND(AK$3>=$H12, AK$3<=$I12), $J12, IF(AND(AK$3>=$K12, AK$3<=$L12), "電", IF(AND(AK$3>=$M12, AK$3<=$N12),"試", IF(AND(AK$3>=$O12, AK$3<=$P12), $Q12, "") ) ) ) -> 試 | AL12: =IF(AND(AL$3>=$H12, AL$3<=$I12), $J12, IF(AND(AL$3>=$K12, AL$3<=$L12), "電", IF(AND(AL$3>=$M12, AL$3<=$N12),"試", IF(AND(AL$3>=$O12, AL$3<=$P12), $Q12, "") ) ) ) -> 試 | AM12: =IF(AND(AM$3>=$H12, AM$3<=$I12), $J12, IF(AND(AM$3>=$K12, AM$3<=$L12), "電", IF(AND(AM$3>=$M12, AM$3<=$N12),"試", IF(AND(AM$3>=$O12, AM$3<=$P12), $Q12, "") ) ) ) | AN12: =IF(AND(AN$3>=$H12, AN$3<=$I12), $J12, IF(AND(AN$3>=$K12, AN$3<=$L12), "電", IF(AND(AN$3>=$M12, AN$3<=$N12),"試", IF(AND(AN$3>=$O12, AN$3<=$P12), $Q12, "") ) ) ) | AO12: =IF(AND(AO$3>=$H12, AO$3<=$I12), $J12, IF(AND(AO$3>=$K12, AO$3<=$L12), "電", IF(AND(AO$3>=$M12, AO$3<=$N12),"試", IF(AND(AO$3>=$O12, AO$3<=$P12), $Q12, "") ) ) ) | AP12: =IF(AND(AP$3>=$H12, AP$3<=$I12), $J12, IF(AND(AP$3>=$K12, AP$3<=$L12), "電", IF(AND(AP$3>=$M12, AP$3<=$N12),"試", IF(AND(AP$3>=$O12, AP$3<=$P12), $Q12, "") ) ) ) | AQ12: =IF(AND(AQ$3>=$H12, AQ$3<=$I12), $J12, IF(AND(AQ$3>=$K12, AQ$3<=$L12), "電", IF(AND(AQ$3>=$M12, AQ$3<=$N12),"試", IF(AND(AQ$3>=$O12, AQ$3<=$P12), $Q12, "") ) ) ) | ... CH12: =IF(AND(CH$3>=$H12, CH$3<=$I12), $J12, IF(AND(CH$3>=$K12, CH$3<=$L12), "電", IF(AND(CH$3>=$M12, CH$3<=$N12),"試", IF(AND(CH$3>=$O12, CH$3<=$P12), $Q12, "") ) ) )
E13: FSDR | F13: （1/12～） | R13: =IF(AND(R$3>=$H13, R$3<=$I13), $J13, IF(AND(R$3>=$K13, R$3<=$L13), "電", IF(AND(R$3>=$M13, R$3<=$N13),"試", IF(AND(R$3>=$O13, R$3<=$P13), $Q13, "") ) ) ) | S13: =IF(AND(S$3>=$H13, S$3<=$I13), $J13, IF(AND(S$3>=$K13, S$3<=$L13), "電", IF(AND(S$3>=$M13, S$3<=$N13),"試", IF(AND(S$3>=$O13, S$3<=$P13), $Q13, "") ) ) ) | T13: =IF(AND(T$3>=$H13, T$3<=$I13), $J13, IF(AND(T$3>=$K13, T$3<=$L13), "電", IF(AND(T$3>=$M13, T$3<=$N13),"試", IF(AND(T$3>=$O13, T$3<=$P13), $Q13, "") ) ) ) | U13: =IF(AND(U$3>=$H13, U$3<=$I13), $J13, IF(AND(U$3>=$K13, U$3<=$L13), "電", IF(AND(U$3>=$M13, U$3<=$N13),"試", IF(AND(U$3>=$O13, U$3<=$P13), $Q13, "") ) ) ) | V13: =IF(AND(V$3>=$H13, V$3<=$I13), $J13, IF(AND(V$3>=$K13, V$3<=$L13), "電", IF(AND(V$3>=$M13, V$3<=$N13),"試", IF(AND(V$3>=$O13, V$3<=$P13), $Q13, "") ) ) ) | W13: =IF(AND(W$3>=$H13, W$3<=$I13), $J13, IF(AND(W$3>=$K13, W$3<=$L13), "電", IF(AND(W$3>=$M13, W$3<=$N13),"試", IF(AND(W$3>=$O13, W$3<=$P13), $Q13, "") ) ) ) | X13: =IF(AND(X$3>=$H13, X$3<=$I13), $J13, IF(AND(X$3>=$K13, X$3<=$L13), "電", IF(AND(X$3>=$M13, X$3<=$N13),"試", IF(AND(X$3>=$O13, X$3<=$P13), $Q13, "") ) ) ) | Y13: =IF(AND(Y$3>=$H13, Y$3<=$I13), $J13, IF(AND(Y$3>=$K13, Y$3<=$L13), "電", IF(AND(Y$3>=$M13, Y$3<=$N13),"試", IF(AND(Y$3>=$O13, Y$3<=$P13), $Q13, "") ) ) ) | ... AH13: =IF(AND(AH$3>=$H13, AH$3<=$I13), $J13, IF(AND(AH$3>=$K13, AH$3<=$L13), "電", IF(AND(AH$3>=$M13, AH$3<=$N13),"試", IF(AND(AH$3>=$O13, AH$3<=$P13), $Q13, "") ) ) ) | AJ13: =IF(AND(AJ$3>=$H13, AJ$3<=$I13), $J13, IF(AND(AJ$3>=$K13, AJ$3<=$L13), "電", IF(AND(AJ$3>=$M13, AJ$3<=$N13),"試", IF(AND(AJ$3>=$O13, AJ$3<=$P13), $Q13, "") ) ) ) | AK13: =IF(AND(AK$3>=$H13, AK$3<=$I13), $J13, IF(AND(AK$3>=$K13, AK$3<=$L13), "電", IF(AND(AK$3>=$M13, AK$3<=$N13),"試", IF(AND(AK$3>=$O13, AK$3<=$P13), $Q13, "") ) ) ) | AL13: =IF(AND(AL$3>=$H13, AL$3<=$I13), $J13, IF(AND(AL$3>=$K13, AL$3<=$L13), "電", IF(AND(AL$3>=$M13, AL$3<=$N13),"試", IF(AND(AL$3>=$O13, AL$3<=$P13), $Q13, "") ) ) ) | AM13: =IF(AND(AM$3>=$H13, AM$3<=$I13), $J13, IF(AND(AM$3>=$K13, AM$3<=$L13), "電", IF(AND(AM$3>=$M13, AM$3<=$N13),"試", IF(AND(AM$3>=$O13, AM$3<=$P13), $Q13, "") ) ) ) | AN13: =IF(AND(AN$3>=$H13, AN$3<=$I13), $J13, IF(AND(AN$3>=$K13, AN$3<=$L13), "電", IF(AND(AN$3>=$M13, AN$3<=$N13),"試", IF(AND(AN$3>=$O13, AN$3<=$P13), $Q13, "") ) ) ) | AO13: =IF(AND(AO$3>=$H13, AO$3<=$I13), $J13, IF(AND(AO$3>=$K13, AO$3<=$L13), "電", IF(AND(AO$3>=$M13, AO$3<=$N13),"試", IF(AND(AO$3>=$O13, AO$3<=$P13), $Q13, "") ) ) ) | AP13: =IF(AND(AP$3>=$H13, AP$3<=$I13), $J13, IF(AND(AP$3>=$K13, AP$3<=$L13), "電", IF(AND(AP$3>=$M13, AP$3<=$N13),"試", IF(AND(AP$3>=$O13, AP$3<=$P13), $Q13, "") ) ) ) | AQ13: =IF(AND(AQ$3>=$H13, AQ$3<=$I13), $J13, IF(AND(AQ$3>=$K13, AQ$3<=$L13), "電", IF(AND(AQ$3>=$M13, AQ$3<=$N13),"試", IF(AND(AQ$3>=$O13, AQ$3<=$P13), $Q13, "") ) ) ) | ... CH13: =IF(AND(CH$3>=$H13, CH$3<=$I13), $J13, IF(AND(CH$3>=$K13, CH$3<=$L13), "電", IF(AND(CH$3>=$M13, CH$3<=$N13),"試", IF(AND(CH$3>=$O13, CH$3<=$P13), $Q13, "") ) ) )
E14: FSBD、FSUJ | R14: =IF(AND(R$3>=$H14, R$3<=$I14), $J14, IF(AND(R$3>=$K14, R$3<=$L14), "電", IF(AND(R$3>=$M14, R$3<=$N14),"試", IF(AND(R$3>=$O14, R$3<=$P14), $Q14, "") ) ) ) | S14: =IF(AND(S$3>=$H14, S$3<=$I14), $J14, IF(AND(S$3>=$K14, S$3<=$L14), "電", IF(AND(S$3>=$M14, S$3<=$N14),"試", IF(AND(S$3>=$O14, S$3<=$P14), $Q14, "") ) ) ) | T14: =IF(AND(T$3>=$H14, T$3<=$I14), $J14, IF(AND(T$3>=$K14, T$3<=$L14), "電", IF(AND(T$3>=$M14, T$3<=$N14),"試", IF(AND(T$3>=$O14, T$3<=$P14), $Q14, "") ) ) ) | U14: =IF(AND(U$3>=$H14, U$3<=$I14), $J14, IF(AND(U$3>=$K14, U$3<=$L14), "電", IF(AND(U$3>=$M14, U$3<=$N14),"試", IF(AND(U$3>=$O14, U$3<=$P14), $Q14, "") ) ) ) | V14: =IF(AND(V$3>=$H14, V$3<=$I14), $J14, IF(AND(V$3>=$K14, V$3<=$L14), "電", IF(AND(V$3>=$M14, V$3<=$N14),"試", IF(AND(V$3>=$O14, V$3<=$P14), $Q14, "") ) ) ) | W14: =IF(AND(W$3>=$H14, W$3<=$I14), $J14, IF(AND(W$3>=$K14, W$3<=$L14), "電", IF(AND(W$3>=$M14, W$3<=$N14),"試", IF(AND(W$3>=$O14, W$3<=$P14), $Q14, "") ) ) ) | X14: =IF(AND(X$3>=$H14, X$3<=$I14), $J14, IF(AND(X$3>=$K14, X$3<=$L14), "電", IF(AND(X$3>=$M14, X$3<=$N14),"試", IF(AND(X$3>=$O14, X$3<=$P14), $Q14, "") ) ) ) | Y14: =IF(AND(Y$3>=$H14, Y$3<=$I14), $J14, IF(AND(Y$3>=$K14, Y$3<=$L14), "電", IF(AND(Y$3>=$M14, Y$3<=$N14),"試", IF(AND(Y$3>=$O14, Y$3<=$P14), $Q14, "") ) ) ) | ... AH14: =IF(AND(AH$3>=$H14, AH$3<=$I14), $J14, IF(AND(AH$3>=$K14, AH$3<=$L14), "電", IF(AND(AH$3>=$M14, AH$3<=$N14),"試", IF(AND(AH$3>=$O14, AH$3<=$P14), $Q14, "") ) ) ) | AJ14: =IF(AND(AJ$3>=$H14, AJ$3<=$I14), $J14, IF(AND(AJ$3>=$K14, AJ$3<=$L14), "電", IF(AND(AJ$3>=$M14, AJ$3<=$N14),"試", IF(AND(AJ$3>=$O14, AJ$3<=$P14), $Q14, "") ) ) ) | AK14: =IF(AND(AK$3>=$H14, AK$3<=$I14), $J14, IF(AND(AK$3>=$K14, AK$3<=$L14), "電", IF(AND(AK$3>=$M14, AK$3<=$N14),"試", IF(AND(AK$3>=$O14, AK$3<=$P14), $Q14, "") ) ) ) | AL14: =IF(AND(AL$3>=$H14, AL$3<=$I14), $J14, IF(AND(AL$3>=$K14, AL$3<=$L14), "電", IF(AND(AL$3>=$M14, AL$3<=$N14),"試", IF(AND(AL$3>=$O14, AL$3<=$P14), $Q14, "") ) ) ) | AM14: =IF(AND(AM$3>=$H14, AM$3<=$I14), $J14, IF(AND(AM$3>=$K14, AM$3<=$L14), "電", IF(AND(AM$3>=$M14, AM$3<=$N14),"試", IF(AND(AM$3>=$O14, AM$3<=$P14), $Q14, "") ) ) ) | AN14: =IF(AND(AN$3>=$H14, AN$3<=$I14), $J14, IF(AND(AN$3>=$K14, AN$3<=$L14), "電", IF(AND(AN$3>=$M14, AN$3<=$N14),"試", IF(AND(AN$3>=$O14, AN$3<=$P14), $Q14, "") ) ) ) | AO14: =IF(AND(AO$3>=$H14, AO$3<=$I14), $J14, IF(AND(AO$3>=$K14, AO$3<=$L14), "電", IF(AND(AO$3>=$M14, AO$3<=$N14),"試", IF(AND(AO$3>=$O14, AO$3<=$P14), $Q14, "") ) ) ) | AP14: =IF(AND(AP$3>=$H14, AP$3<=$I14), $J14, IF(AND(AP$3>=$K14, AP$3<=$L14), "電", IF(AND(AP$3>=$M14, AP$3<=$N14),"試", IF(AND(AP$3>=$O14, AP$3<=$P14), $Q14, "") ) ) ) | AQ14: =IF(AND(AQ$3>=$H14, AQ$3<=$I14), $J14, IF(AND(AQ$3>=$K14, AQ$3<=$L14), "電", IF(AND(AQ$3>=$M14, AQ$3<=$N14),"試", IF(AND(AQ$3>=$O14, AQ$3<=$P14), $Q14, "") ) ) ) | ... CH14: =IF(AND(CH$3>=$H14, CH$3<=$I14), $J14, IF(AND(CH$3>=$K14, CH$3<=$L14), "電", IF(AND(CH$3>=$M14, CH$3<=$N14),"試", IF(AND(CH$3>=$O14, CH$3<=$P14), $Q14, "") ) ) )
E15: FSEG | R15: =IF(AND(R$3>=$H15, R$3<=$I15), $J15, IF(AND(R$3>=$K15, R$3<=$L15), "電", IF(AND(R$3>=$M15, R$3<=$N15),"試", IF(AND(R$3>=$O15, R$3<=$P15), $Q15, "") ) ) ) | S15: =IF(AND(S$3>=$H15, S$3<=$I15), $J15, IF(AND(S$3>=$K15, S$3<=$L15), "電", IF(AND(S$3>=$M15, S$3<=$N15),"試", IF(AND(S$3>=$O15, S$3<=$P15), $Q15, "") ) ) ) | T15: =IF(AND(T$3>=$H15, T$3<=$I15), $J15, IF(AND(T$3>=$K15, T$3<=$L15), "電", IF(AND(T$3>=$M15, T$3<=$N15),"試", IF(AND(T$3>=$O15, T$3<=$P15), $Q15, "") ) ) ) | U15: =IF(AND(U$3>=$H15, U$3<=$I15), $J15, IF(AND(U$3>=$K15, U$3<=$L15), "電", IF(AND(U$3>=$M15, U$3<=$N15),"試", IF(AND(U$3>=$O15, U$3<=$P15), $Q15, "") ) ) ) | V15: =IF(AND(V$3>=$H15, V$3<=$I15), $J15, IF(AND(V$3>=$K15, V$3<=$L15), "電", IF(AND(V$3>=$M15, V$3<=$N15),"試", IF(AND(V$3>=$O15, V$3<=$P15), $Q15, "") ) ) ) | W15: =IF(AND(W$3>=$H15, W$3<=$I15), $J15, IF(AND(W$3>=$K15, W$3<=$L15), "電", IF(AND(W$3>=$M15, W$3<=$N15),"試", IF(AND(W$3>=$O15, W$3<=$P15), $Q15, "") ) ) ) | X15: =IF(AND(X$3>=$H15, X$3<=$I15), $J15, IF(AND(X$3>=$K15, X$3<=$L15), "電", IF(AND(X$3>=$M15, X$3<=$N15),"試", IF(AND(X$3>=$O15, X$3<=$P15), $Q15, "") ) ) ) | Y15: =IF(AND(Y$3>=$H15, Y$3<=$I15), $J15, IF(AND(Y$3>=$K15, Y$3<=$L15), "電", IF(AND(Y$3>=$M15, Y$3<=$N15),"試", IF(AND(Y$3>=$O15, Y$3<=$P15), $Q15, "") ) ) ) | ... AH15: =IF(AND(AH$3>=$H15, AH$3<=$I15), $J15, IF(AND(AH$3>=$K15, AH$3<=$L15), "電", IF(AND(AH$3>=$M15, AH$3<=$N15),"試", IF(AND(AH$3>=$O15, AH$3<=$P15), $Q15, "") ) ) ) | AJ15: =IF(AND(AJ$3>=$H15, AJ$3<=$I15), $J15, IF(AND(AJ$3>=$K15, AJ$3<=$L15), "電", IF(AND(AJ$3>=$M15, AJ$3<=$N15),"試", IF(AND(AJ$3>=$O15, AJ$3<=$P15), $Q15, "") ) ) ) | AK15: =IF(AND(AK$3>=$H15, AK$3<=$I15), $J15, IF(AND(AK$3>=$K15, AK$3<=$L15), "電", IF(AND(AK$3>=$M15, AK$3<=$N15),"試", IF(AND(AK$3>=$O15, AK$3<=$P15), $Q15, "") ) ) ) | AL15: =IF(AND(AL$3>=$H15, AL$3<=$I15), $J15, IF(AND(AL$3>=$K15, AL$3<=$L15), "電", IF(AND(AL$3>=$M15, AL$3<=$N15),"試", IF(AND(AL$3>=$O15, AL$3<=$P15), $Q15, "") ) ) ) | AM15: =IF(AND(AM$3>=$H15, AM$3<=$I15), $J15, IF(AND(AM$3>=$K15, AM$3<=$L15), "電", IF(AND(AM$3>=$M15, AM$3<=$N15),"試", IF(AND(AM$3>=$O15, AM$3<=$P15), $Q15, "") ) ) ) | AN15: =IF(AND(AN$3>=$H15, AN$3<=$I15), $J15, IF(AND(AN$3>=$K15, AN$3<=$L15), "電", IF(AND(AN$3>=$M15, AN$3<=$N15),"試", IF(AND(AN$3>=$O15, AN$3<=$P15), $Q15, "") ) ) ) | AO15: =IF(AND(AO$3>=$H15, AO$3<=$I15), $J15, IF(AND(AO$3>=$K15, AO$3<=$L15), "電", IF(AND(AO$3>=$M15, AO$3<=$N15),"試", IF(AND(AO$3>=$O15, AO$3<=$P15), $Q15, "") ) ) ) | AP15: =IF(AND(AP$3>=$H15, AP$3<=$I15), $J15, IF(AND(AP$3>=$K15, AP$3<=$L15), "電", IF(AND(AP$3>=$M15, AP$3<=$N15),"試", IF(AND(AP$3>=$O15, AP$3<=$P15), $Q15, "") ) ) ) | AQ15: =IF(AND(AQ$3>=$H15, AQ$3<=$I15), $J15, IF(AND(AQ$3>=$K15, AQ$3<=$L15), "電", IF(AND(AQ$3>=$M15, AQ$3<=$N15),"試", IF(AND(AQ$3>=$O15, AQ$3<=$P15), $Q15, "") ) ) ) | ... CH15: =IF(AND(CH$3>=$H15, CH$3<=$I15), $J15, IF(AND(CH$3>=$K15, CH$3<=$L15), "電", IF(AND(CH$3>=$M15, CH$3<=$N15),"試", IF(AND(CH$3>=$O15, CH$3<=$P15), $Q15, "") ) ) )
E16: FSTH | R16: =IF(AND(R$3>=$H16, R$3<=$I16), $J16, IF(AND(R$3>=$K16, R$3<=$L16), "電", IF(AND(R$3>=$M16, R$3<=$N16),"試", IF(AND(R$3>=$O16, R$3<=$P16), $Q16, "") ) ) ) | S16: =IF(AND(S$3>=$H16, S$3<=$I16), $J16, IF(AND(S$3>=$K16, S$3<=$L16), "電", IF(AND(S$3>=$M16, S$3<=$N16),"試", IF(AND(S$3>=$O16, S$3<=$P16), $Q16, "") ) ) ) | T16: =IF(AND(T$3>=$H16, T$3<=$I16), $J16, IF(AND(T$3>=$K16, T$3<=$L16), "電", IF(AND(T$3>=$M16, T$3<=$N16),"試", IF(AND(T$3>=$O16, T$3<=$P16), $Q16, "") ) ) ) | U16: =IF(AND(U$3>=$H16, U$3<=$I16), $J16, IF(AND(U$3>=$K16, U$3<=$L16), "電", IF(AND(U$3>=$M16, U$3<=$N16),"試", IF(AND(U$3>=$O16, U$3<=$P16), $Q16, "") ) ) ) | V16: =IF(AND(V$3>=$H16, V$3<=$I16), $J16, IF(AND(V$3>=$K16, V$3<=$L16), "電", IF(AND(V$3>=$M16, V$3<=$N16),"試", IF(AND(V$3>=$O16, V$3<=$P16), $Q16, "") ) ) ) | W16: =IF(AND(W$3>=$H16, W$3<=$I16), $J16, IF(AND(W$3>=$K16, W$3<=$L16), "電", IF(AND(W$3>=$M16, W$3<=$N16),"試", IF(AND(W$3>=$O16, W$3<=$P16), $Q16, "") ) ) ) | X16: =IF(AND(X$3>=$H16, X$3<=$I16), $J16, IF(AND(X$3>=$K16, X$3<=$L16), "電", IF(AND(X$3>=$M16, X$3<=$N16),"試", IF(AND(X$3>=$O16, X$3<=$P16), $Q16, "") ) ) ) | Y16: =IF(AND(Y$3>=$H16, Y$3<=$I16), $J16, IF(AND(Y$3>=$K16, Y$3<=$L16), "電", IF(AND(Y$3>=$M16, Y$3<=$N16),"試", IF(AND(Y$3>=$O16, Y$3<=$P16), $Q16, "") ) ) ) | ... AH16: =IF(AND(AH$3>=$H16, AH$3<=$I16), $J16, IF(AND(AH$3>=$K16, AH$3<=$L16), "電", IF(AND(AH$3>=$M16, AH$3<=$N16),"試", IF(AND(AH$3>=$O16, AH$3<=$P16), $Q16, "") ) ) ) | AJ16: =IF(AND(AJ$3>=$H16, AJ$3<=$I16), $J16, IF(AND(AJ$3>=$K16, AJ$3<=$L16), "電", IF(AND(AJ$3>=$M16, AJ$3<=$N16),"試", IF(AND(AJ$3>=$O16, AJ$3<=$P16), $Q16, "") ) ) ) | AK16: =IF(AND(AK$3>=$H16, AK$3<=$I16), $J16, IF(AND(AK$3>=$K16, AK$3<=$L16), "電", IF(AND(AK$3>=$M16, AK$3<=$N16),"試", IF(AND(AK$3>=$O16, AK$3<=$P16), $Q16, "") ) ) ) | AL16: =IF(AND(AL$3>=$H16, AL$3<=$I16), $J16, IF(AND(AL$3>=$K16, AL$3<=$L16), "電", IF(AND(AL$3>=$M16, AL$3<=$N16),"試", IF(AND(AL$3>=$O16, AL$3<=$P16), $Q16, "") ) ) ) | AM16: =IF(AND(AM$3>=$H16, AM$3<=$I16), $J16, IF(AND(AM$3>=$K16, AM$3<=$L16), "電", IF(AND(AM$3>=$M16, AM$3<=$N16),"試", IF(AND(AM$3>=$O16, AM$3<=$P16), $Q16, "") ) ) ) | AN16: =IF(AND(AN$3>=$H16, AN$3<=$I16), $J16, IF(AND(AN$3>=$K16, AN$3<=$L16), "電", IF(AND(AN$3>=$M16, AN$3<=$N16),"試", IF(AND(AN$3>=$O16, AN$3<=$P16), $Q16, "") ) ) ) | AO16: =IF(AND(AO$3>=$H16, AO$3<=$I16), $J16, IF(AND(AO$3>=$K16, AO$3<=$L16), "電", IF(AND(AO$3>=$M16, AO$3<=$N16),"試", IF(AND(AO$3>=$O16, AO$3<=$P16), $Q16, "") ) ) ) | AP16: =IF(AND(AP$3>=$H16, AP$3<=$I16), $J16, IF(AND(AP$3>=$K16, AP$3<=$L16), "電", IF(AND(AP$3>=$M16, AP$3<=$N16),"試", IF(AND(AP$3>=$O16, AP$3<=$P16), $Q16, "") ) ) ) | AQ16: =IF(AND(AQ$3>=$H16, AQ$3<=$I16), $J16, IF(AND(AQ$3>=$K16, AQ$3<=$L16), "電", IF(AND(AQ$3>=$M16, AQ$3<=$N16),"試", IF(AND(AQ$3>=$O16, AQ$3<=$P16), $Q16, "") ) ) ) | ... CH16: =IF(AND(CH$3>=$H16, CH$3<=$I16), $J16, IF(AND(CH$3>=$K16, CH$3<=$L16), "電", IF(AND(CH$3>=$M16, CH$3<=$N16),"試", IF(AND(CH$3>=$O16, CH$3<=$P16), $Q16, "") ) ) )
E17: FSPR | R17: =IF(AND(R$3>=$H17, R$3<=$I17), $J17, IF(AND(R$3>=$K17, R$3<=$L17), "電", IF(AND(R$3>=$M17, R$3<=$N17),"試", IF(AND(R$3>=$O17, R$3<=$P17), $Q17, "") ) ) ) | S17: =IF(AND(S$3>=$H17, S$3<=$I17), $J17, IF(AND(S$3>=$K17, S$3<=$L17), "電", IF(AND(S$3>=$M17, S$3<=$N17),"試", IF(AND(S$3>=$O17, S$3<=$P17), $Q17, "") ) ) ) | T17: =IF(AND(T$3>=$H17, T$3<=$I17), $J17, IF(AND(T$3>=$K17, T$3<=$L17), "電", IF(AND(T$3>=$M17, T$3<=$N17),"試", IF(AND(T$3>=$O17, T$3<=$P17), $Q17, "") ) ) ) | U17: =IF(AND(U$3>=$H17, U$3<=$I17), $J17, IF(AND(U$3>=$K17, U$3<=$L17), "電", IF(AND(U$3>=$M17, U$3<=$N17),"試", IF(AND(U$3>=$O17, U$3<=$P17), $Q17, "") ) ) ) | V17: =IF(AND(V$3>=$H17, V$3<=$I17), $J17, IF(AND(V$3>=$K17, V$3<=$L17), "電", IF(AND(V$3>=$M17, V$3<=$N17),"試", IF(AND(V$3>=$O17, V$3<=$P17), $Q17, "") ) ) ) | W17: =IF(AND(W$3>=$H17, W$3<=$I17), $J17, IF(AND(W$3>=$K17, W$3<=$L17), "電", IF(AND(W$3>=$M17, W$3<=$N17),"試", IF(AND(W$3>=$O17, W$3<=$P17), $Q17, "") ) ) ) | X17: =IF(AND(X$3>=$H17, X$3<=$I17), $J17, IF(AND(X$3>=$K17, X$3<=$L17), "電", IF(AND(X$3>=$M17, X$3<=$N17),"試", IF(AND(X$3>=$O17, X$3<=$P17), $Q17, "") ) ) ) | Y17: =IF(AND(Y$3>=$H17, Y$3<=$I17), $J17, IF(AND(Y$3>=$K17, Y$3<=$L17), "電", IF(AND(Y$3>=$M17, Y$3<=$N17),"試", IF(AND(Y$3>=$O17, Y$3<=$P17), $Q17, "") ) ) ) | ... AH17: =IF(AND(AH$3>=$H17, AH$3<=$I17), $J17, IF(AND(AH$3>=$K17, AH$3<=$L17), "電", IF(AND(AH$3>=$M17, AH$3<=$N17),"試", IF(AND(AH$3>=$O17, AH$3<=$P17), $Q17, "") ) ) ) | AJ17: =IF(AND(AJ$3>=$H17, AJ$3<=$I17), $J17, IF(AND(AJ$3>=$K17, AJ$3<=$L17), "電", IF(AND(AJ$3>=$M17, AJ$3<=$N17),"試", IF(AND(AJ$3>=$O17, AJ$3<=$P17), $Q17, "") ) ) ) | AK17: =IF(AND(AK$3>=$H17, AK$3<=$I17), $J17, IF(AND(AK$3>=$K17, AK$3<=$L17), "電", IF(AND(AK$3>=$M17, AK$3<=$N17),"試", IF(AND(AK$3>=$O17, AK$3<=$P17), $Q17, "") ) ) ) | AL17: =IF(AND(AL$3>=$H17, AL$3<=$I17), $J17, IF(AND(AL$3>=$K17, AL$3<=$L17), "電", IF(AND(AL$3>=$M17, AL$3<=$N17),"試", IF(AND(AL$3>=$O17, AL$3<=$P17), $Q17, "") ) ) ) | AM17: =IF(AND(AM$3>=$H17, AM$3<=$I17), $J17, IF(AND(AM$3>=$K17, AM$3<=$L17), "電", IF(AND(AM$3>=$M17, AM$3<=$N17),"試", IF(AND(AM$3>=$O17, AM$3<=$P17), $Q17, "") ) ) ) | AN17: =IF(AND(AN$3>=$H17, AN$3<=$I17), $J17, IF(AND(AN$3>=$K17, AN$3<=$L17), "電", IF(AND(AN$3>=$M17, AN$3<=$N17),"試", IF(AND(AN$3>=$O17, AN$3<=$P17), $Q17, "") ) ) ) | AO17: =IF(AND(AO$3>=$H17, AO$3<=$I17), $J17, IF(AND(AO$3>=$K17, AO$3<=$L17), "電", IF(AND(AO$3>=$M17, AO$3<=$N17),"試", IF(AND(AO$3>=$O17, AO$3<=$P17), $Q17, "") ) ) ) | AP17: =IF(AND(AP$3>=$H17, AP$3<=$I17), $J17, IF(AND(AP$3>=$K17, AP$3<=$L17), "電", IF(AND(AP$3>=$M17, AP$3<=$N17),"試", IF(AND(AP$3>=$O17, AP$3<=$P17), $Q17, "") ) ) ) | AQ17: =IF(AND(AQ$3>=$H17, AQ$3<=$I17), $J17, IF(AND(AQ$3>=$K17, AQ$3<=$L17), "電", IF(AND(AQ$3>=$M17, AQ$3<=$N17),"試", IF(AND(AQ$3>=$O17, AQ$3<=$P17), $Q17, "") ) ) ) | ... CH17: =IF(AND(CH$3>=$H17, CH$3<=$I17), $J17, IF(AND(CH$3>=$K17, CH$3<=$L17), "電", IF(AND(CH$3>=$M17, CH$3<=$N17),"試", IF(AND(CH$3>=$O17, CH$3<=$P17), $Q17, "") ) ) )
E18: FSBT | R18: =IF(AND(R$3>=$H18, R$3<=$I18), $J18, IF(AND(R$3>=$K18, R$3<=$L18), "電", IF(AND(R$3>=$M18, R$3<=$N18),"試", IF(AND(R$3>=$O18, R$3<=$P18), $Q18, "") ) ) ) | S18: =IF(AND(S$3>=$H18, S$3<=$I18), $J18, IF(AND(S$3>=$K18, S$3<=$L18), "電", IF(AND(S$3>=$M18, S$3<=$N18),"試", IF(AND(S$3>=$O18, S$3<=$P18), $Q18, "") ) ) ) | T18: =IF(AND(T$3>=$H18, T$3<=$I18), $J18, IF(AND(T$3>=$K18, T$3<=$L18), "電", IF(AND(T$3>=$M18, T$3<=$N18),"試", IF(AND(T$3>=$O18, T$3<=$P18), $Q18, "") ) ) ) | U18: =IF(AND(U$3>=$H18, U$3<=$I18), $J18, IF(AND(U$3>=$K18, U$3<=$L18), "電", IF(AND(U$3>=$M18, U$3<=$N18),"試", IF(AND(U$3>=$O18, U$3<=$P18), $Q18, "") ) ) ) | V18: =IF(AND(V$3>=$H18, V$3<=$I18), $J18, IF(AND(V$3>=$K18, V$3<=$L18), "電", IF(AND(V$3>=$M18, V$3<=$N18),"試", IF(AND(V$3>=$O18, V$3<=$P18), $Q18, "") ) ) ) | W18: =IF(AND(W$3>=$H18, W$3<=$I18), $J18, IF(AND(W$3>=$K18, W$3<=$L18), "電", IF(AND(W$3>=$M18, W$3<=$N18),"試", IF(AND(W$3>=$O18, W$3<=$P18), $Q18, "") ) ) ) | X18: =IF(AND(X$3>=$H18, X$3<=$I18), $J18, IF(AND(X$3>=$K18, X$3<=$L18), "電", IF(AND(X$3>=$M18, X$3<=$N18),"試", IF(AND(X$3>=$O18, X$3<=$P18), $Q18, "") ) ) ) | Y18: =IF(AND(Y$3>=$H18, Y$3<=$I18), $J18, IF(AND(Y$3>=$K18, Y$3<=$L18), "電", IF(AND(Y$3>=$M18, Y$3<=$N18),"試", IF(AND(Y$3>=$O18, Y$3<=$P18), $Q18, "") ) ) ) | ... AH18: =IF(AND(AH$3>=$H18, AH$3<=$I18), $J18, IF(AND(AH$3>=$K18, AH$3<=$L18), "電", IF(AND(AH$3>=$M18, AH$3<=$N18),"試", IF(AND(AH$3>=$O18, AH$3<=$P18), $Q18, "") ) ) ) | AJ18: =IF(AND(AJ$3>=$H18, AJ$3<=$I18), $J18, IF(AND(AJ$3>=$K18, AJ$3<=$L18), "電", IF(AND(AJ$3>=$M18, AJ$3<=$N18),"試", IF(AND(AJ$3>=$O18, AJ$3<=$P18), $Q18, "") ) ) ) | AK18: =IF(AND(AK$3>=$H18, AK$3<=$I18), $J18, IF(AND(AK$3>=$K18, AK$3<=$L18), "電", IF(AND(AK$3>=$M18, AK$3<=$N18),"試", IF(AND(AK$3>=$O18, AK$3<=$P18), $Q18, "") ) ) ) | AL18: =IF(AND(AL$3>=$H18, AL$3<=$I18), $J18, IF(AND(AL$3>=$K18, AL$3<=$L18), "電", IF(AND(AL$3>=$M18, AL$3<=$N18),"試", IF(AND(AL$3>=$O18, AL$3<=$P18), $Q18, "") ) ) ) | AM18: =IF(AND(AM$3>=$H18, AM$3<=$I18), $J18, IF(AND(AM$3>=$K18, AM$3<=$L18), "電", IF(AND(AM$3>=$M18, AM$3<=$N18),"試", IF(AND(AM$3>=$O18, AM$3<=$P18), $Q18, "") ) ) ) | AN18: =IF(AND(AN$3>=$H18, AN$3<=$I18), $J18, IF(AND(AN$3>=$K18, AN$3<=$L18), "電", IF(AND(AN$3>=$M18, AN$3<=$N18),"試", IF(AND(AN$3>=$O18, AN$3<=$P18), $Q18, "") ) ) ) | AO18: =IF(AND(AO$3>=$H18, AO$3<=$I18), $J18, IF(AND(AO$3>=$K18, AO$3<=$L18), "電", IF(AND(AO$3>=$M18, AO$3<=$N18),"試", IF(AND(AO$3>=$O18, AO$3<=$P18), $Q18, "") ) ) ) | AP18: =IF(AND(AP$3>=$H18, AP$3<=$I18), $J18, IF(AND(AP$3>=$K18, AP$3<=$L18), "電", IF(AND(AP$3>=$M18, AP$3<=$N18),"試", IF(AND(AP$3>=$O18, AP$3<=$P18), $Q18, "") ) ) ) | AQ18: =IF(AND(AQ$3>=$H18, AQ$3<=$I18), $J18, IF(AND(AQ$3>=$K18, AQ$3<=$L18), "電", IF(AND(AQ$3>=$M18, AQ$3<=$N18),"試", IF(AND(AQ$3>=$O18, AQ$3<=$P18), $Q18, "") ) ) ) | ... CH18: =IF(AND(CH$3>=$H18, CH$3<=$I18), $J18, IF(AND(CH$3>=$K18, CH$3<=$L18), "電", IF(AND(CH$3>=$M18, CH$3<=$N18),"試", IF(AND(CH$3>=$O18, CH$3<=$P18), $Q18, "") ) ) )
B19: 2810 | C19: WA | E19: WABD | R19: =IF(AND(R$3>=$H19, R$3<=$I19), $J19, IF(AND(R$3>=$K19, R$3<=$L19), "電", IF(AND(R$3>=$M19, R$3<=$N19),"試", IF(AND(R$3>=$O19, R$3<=$P19), $Q19, "") ) ) ) | S19: =IF(AND(S$3>=$H19, S$3<=$I19), $J19, IF(AND(S$3>=$K19, S$3<=$L19), "電", IF(AND(S$3>=$M19, S$3<=$N19),"試", IF(AND(S$3>=$O19, S$3<=$P19), $Q19, "") ) ) ) | T19: =IF(AND(T$3>=$H19, T$3<=$I19), $J19, IF(AND(T$3>=$K19, T$3<=$L19), "電", IF(AND(T$3>=$M19, T$3<=$N19),"試", IF(AND(T$3>=$O19, T$3<=$P19), $Q19, "") ) ) ) | U19: =IF(AND(U$3>=$H19, U$3<=$I19), $J19, IF(AND(U$3>=$K19, U$3<=$L19), "電", IF(AND(U$3>=$M19, U$3<=$N19),"試", IF(AND(U$3>=$O19, U$3<=$P19), $Q19, "") ) ) ) | V19: =IF(AND(V$3>=$H19, V$3<=$I19), $J19, IF(AND(V$3>=$K19, V$3<=$L19), "電", IF(AND(V$3>=$M19, V$3<=$N19),"試", IF(AND(V$3>=$O19, V$3<=$P19), $Q19, "") ) ) ) | W19: =IF(AND(W$3>=$H19, W$3<=$I19), $J19, IF(AND(W$3>=$K19, W$3<=$L19), "電", IF(AND(W$3>=$M19, W$3<=$N19),"試", IF(AND(W$3>=$O19, W$3<=$P19), $Q19, "") ) ) ) | X19: =IF(AND(X$3>=$H19, X$3<=$I19), $J19, IF(AND(X$3>=$K19, X$3<=$L19), "電", IF(AND(X$3>=$M19, X$3<=$N19),"試", IF(AND(X$3>=$O19, X$3<=$P19), $Q19, "") ) ) ) | Y19: =IF(AND(Y$3>=$H19, Y$3<=$I19), $J19, IF(AND(Y$3>=$K19, Y$3<=$L19), "電", IF(AND(Y$3>=$M19, Y$3<=$N19),"試", IF(AND(Y$3>=$O19, Y$3<=$P19), $Q19, "") ) ) ) | ... AH19: =IF(AND(AH$3>=$H19, AH$3<=$I19), $J19, IF(AND(AH$3>=$K19, AH$3<=$L19), "電", IF(AND(AH$3>=$M19, AH$3<=$N19),"試", IF(AND(AH$3>=$O19, AH$3<=$P19), $Q19, "") ) ) ) | AJ19: =IF(AND(AJ$3>=$H19, AJ$3<=$I19), $J19, IF(AND(AJ$3>=$K19, AJ$3<=$L19), "電", IF(AND(AJ$3>=$M19, AJ$3<=$N19),"試", IF(AND(AJ$3>=$O19, AJ$3<=$P19), $Q19, "") ) ) ) | AK19: =IF(AND(AK$3>=$H19, AK$3<=$I19), $J19, IF(AND(AK$3>=$K19, AK$3<=$L19), "電", IF(AND(AK$3>=$M19, AK$3<=$N19),"試", IF(AND(AK$3>=$O19, AK$3<=$P19), $Q19, "") ) ) ) | AL19: =IF(AND(AL$3>=$H19, AL$3<=$I19), $J19, IF(AND(AL$3>=$K19, AL$3<=$L19), "電", IF(AND(AL$3>=$M19, AL$3<=$N19),"試", IF(AND(AL$3>=$O19, AL$3<=$P19), $Q19, "") ) ) ) | AM19: =IF(AND(AM$3>=$H19, AM$3<=$I19), $J19, IF(AND(AM$3>=$K19, AM$3<=$L19), "電", IF(AND(AM$3>=$M19, AM$3<=$N19),"試", IF(AND(AM$3>=$O19, AM$3<=$P19), $Q19, "") ) ) ) | AN19: =IF(AND(AN$3>=$H19, AN$3<=$I19), $J19, IF(AND(AN$3>=$K19, AN$3<=$L19), "電", IF(AND(AN$3>=$M19, AN$3<=$N19),"試", IF(AND(AN$3>=$O19, AN$3<=$P19), $Q19, "") ) ) ) | AO19: =IF(AND(AO$3>=$H19, AO$3<=$I19), $J19, IF(AND(AO$3>=$K19, AO$3<=$L19), "電", IF(AND(AO$3>=$M19, AO$3<=$N19),"試", IF(AND(AO$3>=$O19, AO$3<=$P19), $Q19, "") ) ) ) | AP19: =IF(AND(AP$3>=$H19, AP$3<=$I19), $J19, IF(AND(AP$3>=$K19, AP$3<=$L19), "電", IF(AND(AP$3>=$M19, AP$3<=$N19),"試", IF(AND(AP$3>=$O19, AP$3<=$P19), $Q19, "") ) ) ) | AQ19: =IF(AND(AQ$3>=$H19, AQ$3<=$I19), $J19, IF(AND(AQ$3>=$K19, AQ$3<=$L19), "電", IF(AND(AQ$3>=$M19, AQ$3<=$N19),"試", IF(AND(AQ$3>=$O19, AQ$3<=$P19), $Q19, "") ) ) ) | ... CH19: =IF(AND(CH$3>=$H19, CH$3<=$I19), $J19, IF(AND(CH$3>=$K19, CH$3<=$L19), "電", IF(AND(CH$3>=$M19, CH$3<=$N19),"試", IF(AND(CH$3>=$O19, CH$3<=$P19), $Q19, "") ) ) )
B20: 2810 | C20: WA（古賀） | D20: 7末or8始 | E20: WASG | R20: =IF(AND(R$3>=$H20, R$3<=$I20), $J20, IF(AND(R$3>=$K20, R$3<=$L20), "電", IF(AND(R$3>=$M20, R$3<=$N20),"試", IF(AND(R$3>=$O20, R$3<=$P20), $Q20, "") ) ) ) | S20: =IF(AND(S$3>=$H20, S$3<=$I20), $J20, IF(AND(S$3>=$K20, S$3<=$L20), "電", IF(AND(S$3>=$M20, S$3<=$N20),"試", IF(AND(S$3>=$O20, S$3<=$P20), $Q20, "") ) ) ) | T20: =IF(AND(T$3>=$H20, T$3<=$I20), $J20, IF(AND(T$3>=$K20, T$3<=$L20), "電", IF(AND(T$3>=$M20, T$3<=$N20),"試", IF(AND(T$3>=$O20, T$3<=$P20), $Q20, "") ) ) ) | U20: =IF(AND(U$3>=$H20, U$3<=$I20), $J20, IF(AND(U$3>=$K20, U$3<=$L20), "電", IF(AND(U$3>=$M20, U$3<=$N20),"試", IF(AND(U$3>=$O20, U$3<=$P20), $Q20, "") ) ) ) | V20: =IF(AND(V$3>=$H20, V$3<=$I20), $J20, IF(AND(V$3>=$K20, V$3<=$L20), "電", IF(AND(V$3>=$M20, V$3<=$N20),"試", IF(AND(V$3>=$O20, V$3<=$P20), $Q20, "") ) ) ) | W20: =IF(AND(W$3>=$H20, W$3<=$I20), $J20, IF(AND(W$3>=$K20, W$3<=$L20), "電", IF(AND(W$3>=$M20, W$3<=$N20),"試", IF(AND(W$3>=$O20, W$3<=$P20), $Q20, "") ) ) ) | X20: =IF(AND(X$3>=$H20, X$3<=$I20), $J20, IF(AND(X$3>=$K20, X$3<=$L20), "電", IF(AND(X$3>=$M20, X$3<=$N20),"試", IF(AND(X$3>=$O20, X$3<=$P20), $Q20, "") ) ) ) | Y20: =IF(AND(Y$3>=$H20, Y$3<=$I20), $J20, IF(AND(Y$3>=$K20, Y$3<=$L20), "電", IF(AND(Y$3>=$M20, Y$3<=$N20),"試", IF(AND(Y$3>=$O20, Y$3<=$P20), $Q20, "") ) ) ) | ... AH20: =IF(AND(AH$3>=$H20, AH$3<=$I20), $J20, IF(AND(AH$3>=$K20, AH$3<=$L20), "電", IF(AND(AH$3>=$M20, AH$3<=$N20),"試", IF(AND(AH$3>=$O20, AH$3<=$P20), $Q20, "") ) ) ) | AJ20: =IF(AND(AJ$3>=$H20, AJ$3<=$I20), $J20, IF(AND(AJ$3>=$K20, AJ$3<=$L20), "電", IF(AND(AJ$3>=$M20, AJ$3<=$N20),"試", IF(AND(AJ$3>=$O20, AJ$3<=$P20), $Q20, "") ) ) ) | AK20: =IF(AND(AK$3>=$H20, AK$3<=$I20), $J20, IF(AND(AK$3>=$K20, AK$3<=$L20), "電", IF(AND(AK$3>=$M20, AK$3<=$N20),"試", IF(AND(AK$3>=$O20, AK$3<=$P20), $Q20, "") ) ) ) | AL20: =IF(AND(AL$3>=$H20, AL$3<=$I20), $J20, IF(AND(AL$3>=$K20, AL$3<=$L20), "電", IF(AND(AL$3>=$M20, AL$3<=$N20),"試", IF(AND(AL$3>=$O20, AL$3<=$P20), $Q20, "") ) ) ) | AM20: =IF(AND(AM$3>=$H20, AM$3<=$I20), $J20, IF(AND(AM$3>=$K20, AM$3<=$L20), "電", IF(AND(AM$3>=$M20, AM$3<=$N20),"試", IF(AND(AM$3>=$O20, AM$3<=$P20), $Q20, "") ) ) ) | AN20: =IF(AND(AN$3>=$H20, AN$3<=$I20), $J20, IF(AND(AN$3>=$K20, AN$3<=$L20), "電", IF(AND(AN$3>=$M20, AN$3<=$N20),"試", IF(AND(AN$3>=$O20, AN$3<=$P20), $Q20, "") ) ) ) | AO20: =IF(AND(AO$3>=$H20, AO$3<=$I20), $J20, IF(AND(AO$3>=$K20, AO$3<=$L20), "電", IF(AND(AO$3>=$M20, AO$3<=$N20),"試", IF(AND(AO$3>=$O20, AO$3<=$P20), $Q20, "") ) ) ) | AP20: =IF(AND(AP$3>=$H20, AP$3<=$I20), $J20, IF(AND(AP$3>=$K20, AP$3<=$L20), "電", IF(AND(AP$3>=$M20, AP$3<=$N20),"試", IF(AND(AP$3>=$O20, AP$3<=$P20), $Q20, "") ) ) ) | AQ20: =IF(AND(AQ$3>=$H20, AQ$3<=$I20), $J20, IF(AND(AQ$3>=$K20, AQ$3<=$L20), "電", IF(AND(AQ$3>=$M20, AQ$3<=$N20),"試", IF(AND(AQ$3>=$O20, AQ$3<=$P20), $Q20, "") ) ) ) | ... CH20: =IF(AND(CH$3>=$H20, CH$3<=$I20), $J20, IF(AND(CH$3>=$K20, CH$3<=$L20), "電", IF(AND(CH$3>=$M20, CH$3<=$N20),"試", IF(AND(CH$3>=$O20, CH$3<=$P20), $Q20, "") ) ) )
E21: WASQ | R21: =IF(AND(R$3>=$H21, R$3<=$I21), $J21, IF(AND(R$3>=$K21, R$3<=$L21), "電", IF(AND(R$3>=$M21, R$3<=$N21),"試", IF(AND(R$3>=$O21, R$3<=$P21), $Q21, "") ) ) ) | S21: =IF(AND(S$3>=$H21, S$3<=$I21), $J21, IF(AND(S$3>=$K21, S$3<=$L21), "電", IF(AND(S$3>=$M21, S$3<=$N21),"試", IF(AND(S$3>=$O21, S$3<=$P21), $Q21, "") ) ) ) | T21: =IF(AND(T$3>=$H21, T$3<=$I21), $J21, IF(AND(T$3>=$K21, T$3<=$L21), "電", IF(AND(T$3>=$M21, T$3<=$N21),"試", IF(AND(T$3>=$O21, T$3<=$P21), $Q21, "") ) ) ) | U21: =IF(AND(U$3>=$H21, U$3<=$I21), $J21, IF(AND(U$3>=$K21, U$3<=$L21), "電", IF(AND(U$3>=$M21, U$3<=$N21),"試", IF(AND(U$3>=$O21, U$3<=$P21), $Q21, "") ) ) ) | V21: =IF(AND(V$3>=$H21, V$3<=$I21), $J21, IF(AND(V$3>=$K21, V$3<=$L21), "電", IF(AND(V$3>=$M21, V$3<=$N21),"試", IF(AND(V$3>=$O21, V$3<=$P21), $Q21, "") ) ) ) | W21: =IF(AND(W$3>=$H21, W$3<=$I21), $J21, IF(AND(W$3>=$K21, W$3<=$L21), "電", IF(AND(W$3>=$M21, W$3<=$N21),"試", IF(AND(W$3>=$O21, W$3<=$P21), $Q21, "") ) ) ) | X21: =IF(AND(X$3>=$H21, X$3<=$I21), $J21, IF(AND(X$3>=$K21, X$3<=$L21), "電", IF(AND(X$3>=$M21, X$3<=$N21),"試", IF(AND(X$3>=$O21, X$3<=$P21), $Q21, "") ) ) ) | Y21: =IF(AND(Y$3>=$H21, Y$3<=$I21), $J21, IF(AND(Y$3>=$K21, Y$3<=$L21), "電", IF(AND(Y$3>=$M21, Y$3<=$N21),"試", IF(AND(Y$3>=$O21, Y$3<=$P21), $Q21, "") ) ) ) | ... AH21: =IF(AND(AH$3>=$H21, AH$3<=$I21), $J21, IF(AND(AH$3>=$K21, AH$3<=$L21), "電", IF(AND(AH$3>=$M21, AH$3<=$N21),"試", IF(AND(AH$3>=$O21, AH$3<=$P21), $Q21, "") ) ) ) | AJ21: =IF(AND(AJ$3>=$H21, AJ$3<=$I21), $J21, IF(AND(AJ$3>=$K21, AJ$3<=$L21), "電", IF(AND(AJ$3>=$M21, AJ$3<=$N21),"試", IF(AND(AJ$3>=$O21, AJ$3<=$P21), $Q21, "") ) ) ) | AK21: =IF(AND(AK$3>=$H21, AK$3<=$I21), $J21, IF(AND(AK$3>=$K21, AK$3<=$L21), "電", IF(AND(AK$3>=$M21, AK$3<=$N21),"試", IF(AND(AK$3>=$O21, AK$3<=$P21), $Q21, "") ) ) ) | AL21: =IF(AND(AL$3>=$H21, AL$3<=$I21), $J21, IF(AND(AL$3>=$K21, AL$3<=$L21), "電", IF(AND(AL$3>=$M21, AL$3<=$N21),"試", IF(AND(AL$3>=$O21, AL$3<=$P21), $Q21, "") ) ) ) | AM21: =IF(AND(AM$3>=$H21, AM$3<=$I21), $J21, IF(AND(AM$3>=$K21, AM$3<=$L21), "電", IF(AND(AM$3>=$M21, AM$3<=$N21),"試", IF(AND(AM$3>=$O21, AM$3<=$P21), $Q21, "") ) ) ) | AN21: =IF(AND(AN$3>=$H21, AN$3<=$I21), $J21, IF(AND(AN$3>=$K21, AN$3<=$L21), "電", IF(AND(AN$3>=$M21, AN$3<=$N21),"試", IF(AND(AN$3>=$O21, AN$3<=$P21), $Q21, "") ) ) ) | AO21: =IF(AND(AO$3>=$H21, AO$3<=$I21), $J21, IF(AND(AO$3>=$K21, AO$3<=$L21), "電", IF(AND(AO$3>=$M21, AO$3<=$N21),"試", IF(AND(AO$3>=$O21, AO$3<=$P21), $Q21, "") ) ) ) | AP21: =IF(AND(AP$3>=$H21, AP$3<=$I21), $J21, IF(AND(AP$3>=$K21, AP$3<=$L21), "電", IF(AND(AP$3>=$M21, AP$3<=$N21),"試", IF(AND(AP$3>=$O21, AP$3<=$P21), $Q21, "") ) ) ) | AQ21: =IF(AND(AQ$3>=$H21, AQ$3<=$I21), $J21, IF(AND(AQ$3>=$K21, AQ$3<=$L21), "電", IF(AND(AQ$3>=$M21, AQ$3<=$N21),"試", IF(AND(AQ$3>=$O21, AQ$3<=$P21), $Q21, "") ) ) ) | ... CH21: =IF(AND(CH$3>=$H21, CH$3<=$I21), $J21, IF(AND(CH$3>=$K21, CH$3<=$L21), "電", IF(AND(CH$3>=$M21, CH$3<=$N21),"試", IF(AND(CH$3>=$O21, CH$3<=$P21), $Q21, "") ) ) )
E22: WABC | R22: =IF(AND(R$3>=$H22, R$3<=$I22), $J22, IF(AND(R$3>=$K22, R$3<=$L22), "電", IF(AND(R$3>=$M22, R$3<=$N22),"試", IF(AND(R$3>=$O22, R$3<=$P22), $Q22, "") ) ) ) | S22: =IF(AND(S$3>=$H22, S$3<=$I22), $J22, IF(AND(S$3>=$K22, S$3<=$L22), "電", IF(AND(S$3>=$M22, S$3<=$N22),"試", IF(AND(S$3>=$O22, S$3<=$P22), $Q22, "") ) ) ) | T22: =IF(AND(T$3>=$H22, T$3<=$I22), $J22, IF(AND(T$3>=$K22, T$3<=$L22), "電", IF(AND(T$3>=$M22, T$3<=$N22),"試", IF(AND(T$3>=$O22, T$3<=$P22), $Q22, "") ) ) ) | U22: =IF(AND(U$3>=$H22, U$3<=$I22), $J22, IF(AND(U$3>=$K22, U$3<=$L22), "電", IF(AND(U$3>=$M22, U$3<=$N22),"試", IF(AND(U$3>=$O22, U$3<=$P22), $Q22, "") ) ) ) | V22: =IF(AND(V$3>=$H22, V$3<=$I22), $J22, IF(AND(V$3>=$K22, V$3<=$L22), "電", IF(AND(V$3>=$M22, V$3<=$N22),"試", IF(AND(V$3>=$O22, V$3<=$P22), $Q22, "") ) ) ) | W22: =IF(AND(W$3>=$H22, W$3<=$I22), $J22, IF(AND(W$3>=$K22, W$3<=$L22), "電", IF(AND(W$3>=$M22, W$3<=$N22),"試", IF(AND(W$3>=$O22, W$3<=$P22), $Q22, "") ) ) ) | X22: =IF(AND(X$3>=$H22, X$3<=$I22), $J22, IF(AND(X$3>=$K22, X$3<=$L22), "電", IF(AND(X$3>=$M22, X$3<=$N22),"試", IF(AND(X$3>=$O22, X$3<=$P22), $Q22, "") ) ) ) | Y22: =IF(AND(Y$3>=$H22, Y$3<=$I22), $J22, IF(AND(Y$3>=$K22, Y$3<=$L22), "電", IF(AND(Y$3>=$M22, Y$3<=$N22),"試", IF(AND(Y$3>=$O22, Y$3<=$P22), $Q22, "") ) ) ) | ... AH22: =IF(AND(AH$3>=$H22, AH$3<=$I22), $J22, IF(AND(AH$3>=$K22, AH$3<=$L22), "電", IF(AND(AH$3>=$M22, AH$3<=$N22),"試", IF(AND(AH$3>=$O22, AH$3<=$P22), $Q22, "") ) ) ) | AJ22: =IF(AND(AJ$3>=$H22, AJ$3<=$I22), $J22, IF(AND(AJ$3>=$K22, AJ$3<=$L22), "電", IF(AND(AJ$3>=$M22, AJ$3<=$N22),"試", IF(AND(AJ$3>=$O22, AJ$3<=$P22), $Q22, "") ) ) ) | AK22: =IF(AND(AK$3>=$H22, AK$3<=$I22), $J22, IF(AND(AK$3>=$K22, AK$3<=$L22), "電", IF(AND(AK$3>=$M22, AK$3<=$N22),"試", IF(AND(AK$3>=$O22, AK$3<=$P22), $Q22, "") ) ) ) | AL22: =IF(AND(AL$3>=$H22, AL$3<=$I22), $J22, IF(AND(AL$3>=$K22, AL$3<=$L22), "電", IF(AND(AL$3>=$M22, AL$3<=$N22),"試", IF(AND(AL$3>=$O22, AL$3<=$P22), $Q22, "") ) ) ) | AM22: =IF(AND(AM$3>=$H22, AM$3<=$I22), $J22, IF(AND(AM$3>=$K22, AM$3<=$L22), "電", IF(AND(AM$3>=$M22, AM$3<=$N22),"試", IF(AND(AM$3>=$O22, AM$3<=$P22), $Q22, "") ) ) ) | AN22: =IF(AND(AN$3>=$H22, AN$3<=$I22), $J22, IF(AND(AN$3>=$K22, AN$3<=$L22), "電", IF(AND(AN$3>=$M22, AN$3<=$N22),"試", IF(AND(AN$3>=$O22, AN$3<=$P22), $Q22, "") ) ) ) | AO22: =IF(AND(AO$3>=$H22, AO$3<=$I22), $J22, IF(AND(AO$3>=$K22, AO$3<=$L22), "電", IF(AND(AO$3>=$M22, AO$3<=$N22),"試", IF(AND(AO$3>=$O22, AO$3<=$P22), $Q22, "") ) ) ) | AP22: =IF(AND(AP$3>=$H22, AP$3<=$I22), $J22, IF(AND(AP$3>=$K22, AP$3<=$L22), "電", IF(AND(AP$3>=$M22, AP$3<=$N22),"試", IF(AND(AP$3>=$O22, AP$3<=$P22), $Q22, "") ) ) ) | AQ22: =IF(AND(AQ$3>=$H22, AQ$3<=$I22), $J22, IF(AND(AQ$3>=$K22, AQ$3<=$L22), "電", IF(AND(AQ$3>=$M22, AQ$3<=$N22),"試", IF(AND(AQ$3>=$O22, AQ$3<=$P22), $Q22, "") ) ) ) | ... CH22: =IF(AND(CH$3>=$H22, CH$3<=$I22), $J22, IF(AND(CH$3>=$K22, CH$3<=$L22), "電", IF(AND(CH$3>=$M22, CH$3<=$N22),"試", IF(AND(CH$3>=$O22, CH$3<=$P22), $Q22, "") ) ) )
B23: 2810 | C23: TC | D23: 7末or8始 | E23: 沖宮工業 | R23: =IF(AND(R$3>=$H23, R$3<=$I23), $J23, IF(AND(R$3>=$K23, R$3<=$L23), "電", IF(AND(R$3>=$M23, R$3<=$N23),"試", IF(AND(R$3>=$O23, R$3<=$P23), $Q23, "") ) ) ) | S23: =IF(AND(S$3>=$H23, S$3<=$I23), $J23, IF(AND(S$3>=$K23, S$3<=$L23), "電", IF(AND(S$3>=$M23, S$3<=$N23),"試", IF(AND(S$3>=$O23, S$3<=$P23), $Q23, "") ) ) ) | T23: =IF(AND(T$3>=$H23, T$3<=$I23), $J23, IF(AND(T$3>=$K23, T$3<=$L23), "電", IF(AND(T$3>=$M23, T$3<=$N23),"試", IF(AND(T$3>=$O23, T$3<=$P23), $Q23, "") ) ) ) | U23: =IF(AND(U$3>=$H23, U$3<=$I23), $J23, IF(AND(U$3>=$K23, U$3<=$L23), "電", IF(AND(U$3>=$M23, U$3<=$N23),"試", IF(AND(U$3>=$O23, U$3<=$P23), $Q23, "") ) ) ) | V23: =IF(AND(V$3>=$H23, V$3<=$I23), $J23, IF(AND(V$3>=$K23, V$3<=$L23), "電", IF(AND(V$3>=$M23, V$3<=$N23),"試", IF(AND(V$3>=$O23, V$3<=$P23), $Q23, "") ) ) ) | W23: =IF(AND(W$3>=$H23, W$3<=$I23), $J23, IF(AND(W$3>=$K23, W$3<=$L23), "電", IF(AND(W$3>=$M23, W$3<=$N23),"試", IF(AND(W$3>=$O23, W$3<=$P23), $Q23, "") ) ) ) | X23: =IF(AND(X$3>=$H23, X$3<=$I23), $J23, IF(AND(X$3>=$K23, X$3<=$L23), "電", IF(AND(X$3>=$M23, X$3<=$N23),"試", IF(AND(X$3>=$O23, X$3<=$P23), $Q23, "") ) ) ) | Y23: =IF(AND(Y$3>=$H23, Y$3<=$I23), $J23, IF(AND(Y$3>=$K23, Y$3<=$L23), "電", IF(AND(Y$3>=$M23, Y$3<=$N23),"試", IF(AND(Y$3>=$O23, Y$3<=$P23), $Q23, "") ) ) ) | ... AH23: =IF(AND(AH$3>=$H23, AH$3<=$I23), $J23, IF(AND(AH$3>=$K23, AH$3<=$L23), "電", IF(AND(AH$3>=$M23, AH$3<=$N23),"試", IF(AND(AH$3>=$O23, AH$3<=$P23), $Q23, "") ) ) ) | AJ23: =IF(AND(AJ$3>=$H23, AJ$3<=$I23), $J23, IF(AND(AJ$3>=$K23, AJ$3<=$L23), "電", IF(AND(AJ$3>=$M23, AJ$3<=$N23),"試", IF(AND(AJ$3>=$O23, AJ$3<=$P23), $Q23, "") ) ) ) | AK23: =IF(AND(AK$3>=$H23, AK$3<=$I23), $J23, IF(AND(AK$3>=$K23, AK$3<=$L23), "電", IF(AND(AK$3>=$M23, AK$3<=$N23),"試", IF(AND(AK$3>=$O23, AK$3<=$P23), $Q23, "") ) ) ) | AL23: =IF(AND(AL$3>=$H23, AL$3<=$I23), $J23, IF(AND(AL$3>=$K23, AL$3<=$L23), "電", IF(AND(AL$3>=$M23, AL$3<=$N23),"試", IF(AND(AL$3>=$O23, AL$3<=$P23), $Q23, "") ) ) ) | AM23: =IF(AND(AM$3>=$H23, AM$3<=$I23), $J23, IF(AND(AM$3>=$K23, AM$3<=$L23), "電", IF(AND(AM$3>=$M23, AM$3<=$N23),"試", IF(AND(AM$3>=$O23, AM$3<=$P23), $Q23, "") ) ) ) | AN23: =IF(AND(AN$3>=$H23, AN$3<=$I23), $J23, IF(AND(AN$3>=$K23, AN$3<=$L23), "電", IF(AND(AN$3>=$M23, AN$3<=$N23),"試", IF(AND(AN$3>=$O23, AN$3<=$P23), $Q23, "") ) ) ) | AO23: =IF(AND(AO$3>=$H23, AO$3<=$I23), $J23, IF(AND(AO$3>=$K23, AO$3<=$L23), "電", IF(AND(AO$3>=$M23, AO$3<=$N23),"試", IF(AND(AO$3>=$O23, AO$3<=$P23), $Q23, "") ) ) ) | AP23: =IF(AND(AP$3>=$H23, AP$3<=$I23), $J23, IF(AND(AP$3>=$K23, AP$3<=$L23), "電", IF(AND(AP$3>=$M23, AP$3<=$N23),"試", IF(AND(AP$3>=$O23, AP$3<=$P23), $Q23, "") ) ) ) | AQ23: =IF(AND(AQ$3>=$H23, AQ$3<=$I23), $J23, IF(AND(AQ$3>=$K23, AQ$3<=$L23), "電", IF(AND(AQ$3>=$M23, AQ$3<=$N23),"試", IF(AND(AQ$3>=$O23, AQ$3<=$P23), $Q23, "") ) ) ) | ... CH23: =IF(AND(CH$3>=$H23, CH$3<=$I23), $J23, IF(AND(CH$3>=$K23, CH$3<=$L23), "電", IF(AND(CH$3>=$M23, CH$3<=$N23),"試", IF(AND(CH$3>=$O23, CH$3<=$P23), $Q23, "") ) ) )
B24: 2810 | C24: PC | D24: 7末or8始 | E24: 本体 | R24: =IF(AND(R$3>=$H24, R$3<=$I24), $J24, IF(AND(R$3>=$K24, R$3<=$L24), "電", IF(AND(R$3>=$M24, R$3<=$N24),"試", IF(AND(R$3>=$O24, R$3<=$P24), $Q24, "") ) ) ) | S24: =IF(AND(S$3>=$H24, S$3<=$I24), $J24, IF(AND(S$3>=$K24, S$3<=$L24), "電", IF(AND(S$3>=$M24, S$3<=$N24),"試", IF(AND(S$3>=$O24, S$3<=$P24), $Q24, "") ) ) ) | T24: =IF(AND(T$3>=$H24, T$3<=$I24), $J24, IF(AND(T$3>=$K24, T$3<=$L24), "電", IF(AND(T$3>=$M24, T$3<=$N24),"試", IF(AND(T$3>=$O24, T$3<=$P24), $Q24, "") ) ) ) | U24: =IF(AND(U$3>=$H24, U$3<=$I24), $J24, IF(AND(U$3>=$K24, U$3<=$L24), "電", IF(AND(U$3>=$M24, U$3<=$N24),"試", IF(AND(U$3>=$O24, U$3<=$P24), $Q24, "") ) ) ) | V24: =IF(AND(V$3>=$H24, V$3<=$I24), $J24, IF(AND(V$3>=$K24, V$3<=$L24), "電", IF(AND(V$3>=$M24, V$3<=$N24),"試", IF(AND(V$3>=$O24, V$3<=$P24), $Q24, "") ) ) ) | W24: =IF(AND(W$3>=$H24, W$3<=$I24), $J24, IF(AND(W$3>=$K24, W$3<=$L24), "電", IF(AND(W$3>=$M24, W$3<=$N24),"試", IF(AND(W$3>=$O24, W$3<=$P24), $Q24, "") ) ) ) | X24: =IF(AND(X$3>=$H24, X$3<=$I24), $J24, IF(AND(X$3>=$K24, X$3<=$L24), "電", IF(AND(X$3>=$M24, X$3<=$N24),"試", IF(AND(X$3>=$O24, X$3<=$P24), $Q24, "") ) ) ) | Y24: =IF(AND(Y$3>=$H24, Y$3<=$I24), $J24, IF(AND(Y$3>=$K24, Y$3<=$L24), "電", IF(AND(Y$3>=$M24, Y$3<=$N24),"試", IF(AND(Y$3>=$O24, Y$3<=$P24), $Q24, "") ) ) ) | ... AH24: =IF(AND(AH$3>=$H24, AH$3<=$I24), $J24, IF(AND(AH$3>=$K24, AH$3<=$L24), "電", IF(AND(AH$3>=$M24, AH$3<=$N24),"試", IF(AND(AH$3>=$O24, AH$3<=$P24), $Q24, "") ) ) ) | AJ24: =IF(AND(AJ$3>=$H24, AJ$3<=$I24), $J24, IF(AND(AJ$3>=$K24, AJ$3<=$L24), "電", IF(AND(AJ$3>=$M24, AJ$3<=$N24),"試", IF(AND(AJ$3>=$O24, AJ$3<=$P24), $Q24, "") ) ) ) | AK24: =IF(AND(AK$3>=$H24, AK$3<=$I24), $J24, IF(AND(AK$3>=$K24, AK$3<=$L24), "電", IF(AND(AK$3>=$M24, AK$3<=$N24),"試", IF(AND(AK$3>=$O24, AK$3<=$P24), $Q24, "") ) ) ) | AL24: =IF(AND(AL$3>=$H24, AL$3<=$I24), $J24, IF(AND(AL$3>=$K24, AL$3<=$L24), "電", IF(AND(AL$3>=$M24, AL$3<=$N24),"試", IF(AND(AL$3>=$O24, AL$3<=$P24), $Q24, "") ) ) ) | AM24: =IF(AND(AM$3>=$H24, AM$3<=$I24), $J24, IF(AND(AM$3>=$K24, AM$3<=$L24), "電", IF(AND(AM$3>=$M24, AM$3<=$N24),"試", IF(AND(AM$3>=$O24, AM$3<=$P24), $Q24, "") ) ) ) | AN24: =IF(AND(AN$3>=$H24, AN$3<=$I24), $J24, IF(AND(AN$3>=$K24, AN$3<=$L24), "電", IF(AND(AN$3>=$M24, AN$3<=$N24),"試", IF(AND(AN$3>=$O24, AN$3<=$P24), $Q24, "") ) ) ) | AO24: =IF(AND(AO$3>=$H24, AO$3<=$I24), $J24, IF(AND(AO$3>=$K24, AO$3<=$L24), "電", IF(AND(AO$3>=$M24, AO$3<=$N24),"試", IF(AND(AO$3>=$O24, AO$3<=$P24), $Q24, "") ) ) ) | AP24: =IF(AND(AP$3>=$H24, AP$3<=$I24), $J24, IF(AND(AP$3>=$K24, AP$3<=$L24), "電", IF(AND(AP$3>=$M24, AP$3<=$N24),"試", IF(AND(AP$3>=$O24, AP$3<=$P24), $Q24, "") ) ) ) | AQ24: =IF(AND(AQ$3>=$H24, AQ$3<=$I24), $J24, IF(AND(AQ$3>=$K24, AQ$3<=$L24), "電", IF(AND(AQ$3>=$M24, AQ$3<=$N24),"試", IF(AND(AQ$3>=$O24, AQ$3<=$P24), $Q24, "") ) ) ) | ... CH24: =IF(AND(CH$3>=$H24, CH$3<=$I24), $J24, IF(AND(CH$3>=$K24, CH$3<=$L24), "電", IF(AND(CH$3>=$M24, CH$3<=$N24),"試", IF(AND(CH$3>=$O24, CH$3<=$P24), $Q24, "") ) ) )
D25: 7末or8始 | E25: PCDS | R25: =IF(AND(R$3>=$H25, R$3<=$I25), $J25, IF(AND(R$3>=$K25, R$3<=$L25), "電", IF(AND(R$3>=$M25, R$3<=$N25),"試", IF(AND(R$3>=$O25, R$3<=$P25), $Q25, "") ) ) ) | S25: =IF(AND(S$3>=$H25, S$3<=$I25), $J25, IF(AND(S$3>=$K25, S$3<=$L25), "電", IF(AND(S$3>=$M25, S$3<=$N25),"試", IF(AND(S$3>=$O25, S$3<=$P25), $Q25, "") ) ) ) | T25: =IF(AND(T$3>=$H25, T$3<=$I25), $J25, IF(AND(T$3>=$K25, T$3<=$L25), "電", IF(AND(T$3>=$M25, T$3<=$N25),"試", IF(AND(T$3>=$O25, T$3<=$P25), $Q25, "") ) ) ) | U25: =IF(AND(U$3>=$H25, U$3<=$I25), $J25, IF(AND(U$3>=$K25, U$3<=$L25), "電", IF(AND(U$3>=$M25, U$3<=$N25),"試", IF(AND(U$3>=$O25, U$3<=$P25), $Q25, "") ) ) ) | V25: =IF(AND(V$3>=$H25, V$3<=$I25), $J25, IF(AND(V$3>=$K25, V$3<=$L25), "電", IF(AND(V$3>=$M25, V$3<=$N25),"試", IF(AND(V$3>=$O25, V$3<=$P25), $Q25, "") ) ) ) | W25: =IF(AND(W$3>=$H25, W$3<=$I25), $J25, IF(AND(W$3>=$K25, W$3<=$L25), "電", IF(AND(W$3>=$M25, W$3<=$N25),"試", IF(AND(W$3>=$O25, W$3<=$P25), $Q25, "") ) ) ) | X25: =IF(AND(X$3>=$H25, X$3<=$I25), $J25, IF(AND(X$3>=$K25, X$3<=$L25), "電", IF(AND(X$3>=$M25, X$3<=$N25),"試", IF(AND(X$3>=$O25, X$3<=$P25), $Q25, "") ) ) ) | Y25: =IF(AND(Y$3>=$H25, Y$3<=$I25), $J25, IF(AND(Y$3>=$K25, Y$3<=$L25), "電", IF(AND(Y$3>=$M25, Y$3<=$N25),"試", IF(AND(Y$3>=$O25, Y$3<=$P25), $Q25, "") ) ) ) | ... AH25: =IF(AND(AH$3>=$H25, AH$3<=$I25), $J25, IF(AND(AH$3>=$K25, AH$3<=$L25), "電", IF(AND(AH$3>=$M25, AH$3<=$N25),"試", IF(AND(AH$3>=$O25, AH$3<=$P25), $Q25, "") ) ) ) | AJ25: =IF(AND(AJ$3>=$H25, AJ$3<=$I25), $J25, IF(AND(AJ$3>=$K25, AJ$3<=$L25), "電", IF(AND(AJ$3>=$M25, AJ$3<=$N25),"試", IF(AND(AJ$3>=$O25, AJ$3<=$P25), $Q25, "") ) ) ) | AK25: =IF(AND(AK$3>=$H25, AK$3<=$I25), $J25, IF(AND(AK$3>=$K25, AK$3<=$L25), "電", IF(AND(AK$3>=$M25, AK$3<=$N25),"試", IF(AND(AK$3>=$O25, AK$3<=$P25), $Q25, "") ) ) ) | AL25: =IF(AND(AL$3>=$H25, AL$3<=$I25), $J25, IF(AND(AL$3>=$K25, AL$3<=$L25), "電", IF(AND(AL$3>=$M25, AL$3<=$N25),"試", IF(AND(AL$3>=$O25, AL$3<=$P25), $Q25, "") ) ) ) | AM25: =IF(AND(AM$3>=$H25, AM$3<=$I25), $J25, IF(AND(AM$3>=$K25, AM$3<=$L25), "電", IF(AND(AM$3>=$M25, AM$3<=$N25),"試", IF(AND(AM$3>=$O25, AM$3<=$P25), $Q25, "") ) ) ) | AN25: =IF(AND(AN$3>=$H25, AN$3<=$I25), $J25, IF(AND(AN$3>=$K25, AN$3<=$L25), "電", IF(AND(AN$3>=$M25, AN$3<=$N25),"試", IF(AND(AN$3>=$O25, AN$3<=$P25), $Q25, "") ) ) ) | AO25: =IF(AND(AO$3>=$H25, AO$3<=$I25), $J25, IF(AND(AO$3>=$K25, AO$3<=$L25), "電", IF(AND(AO$3>=$M25, AO$3<=$N25),"試", IF(AND(AO$3>=$O25, AO$3<=$P25), $Q25, "") ) ) ) | AP25: =IF(AND(AP$3>=$H25, AP$3<=$I25), $J25, IF(AND(AP$3>=$K25, AP$3<=$L25), "電", IF(AND(AP$3>=$M25, AP$3<=$N25),"試", IF(AND(AP$3>=$O25, AP$3<=$P25), $Q25, "") ) ) ) | AQ25: =IF(AND(AQ$3>=$H25, AQ$3<=$I25), $J25, IF(AND(AQ$3>=$K25, AQ$3<=$L25), "電", IF(AND(AQ$3>=$M25, AQ$3<=$N25),"試", IF(AND(AQ$3>=$O25, AQ$3<=$P25), $Q25, "") ) ) ) | ... CH25: =IF(AND(CH$3>=$H25, CH$3<=$I25), $J25, IF(AND(CH$3>=$K25, CH$3<=$L25), "電", IF(AND(CH$3>=$M25, CH$3<=$N25),"試", IF(AND(CH$3>=$O25, CH$3<=$P25), $Q25, "") ) ) )
B26: 2810 | C26: RT・TR | D26: 7末or8始 | R26: =IF(AND(R$3>=$H26, R$3<=$I26), $J26, IF(AND(R$3>=$K26, R$3<=$L26), "電", IF(AND(R$3>=$M26, R$3<=$N26),"試", IF(AND(R$3>=$O26, R$3<=$P26), $Q26, "") ) ) ) | S26: =IF(AND(S$3>=$H26, S$3<=$I26), $J26, IF(AND(S$3>=$K26, S$3<=$L26), "電", IF(AND(S$3>=$M26, S$3<=$N26),"試", IF(AND(S$3>=$O26, S$3<=$P26), $Q26, "") ) ) ) | T26: =IF(AND(T$3>=$H26, T$3<=$I26), $J26, IF(AND(T$3>=$K26, T$3<=$L26), "電", IF(AND(T$3>=$M26, T$3<=$N26),"試", IF(AND(T$3>=$O26, T$3<=$P26), $Q26, "") ) ) ) | U26: =IF(AND(U$3>=$H26, U$3<=$I26), $J26, IF(AND(U$3>=$K26, U$3<=$L26), "電", IF(AND(U$3>=$M26, U$3<=$N26),"試", IF(AND(U$3>=$O26, U$3<=$P26), $Q26, "") ) ) ) | V26: =IF(AND(V$3>=$H26, V$3<=$I26), $J26, IF(AND(V$3>=$K26, V$3<=$L26), "電", IF(AND(V$3>=$M26, V$3<=$N26),"試", IF(AND(V$3>=$O26, V$3<=$P26), $Q26, "") ) ) ) | W26: =IF(AND(W$3>=$H26, W$3<=$I26), $J26, IF(AND(W$3>=$K26, W$3<=$L26), "電", IF(AND(W$3>=$M26, W$3<=$N26),"試", IF(AND(W$3>=$O26, W$3<=$P26), $Q26, "") ) ) ) | X26: =IF(AND(X$3>=$H26, X$3<=$I26), $J26, IF(AND(X$3>=$K26, X$3<=$L26), "電", IF(AND(X$3>=$M26, X$3<=$N26),"試", IF(AND(X$3>=$O26, X$3<=$P26), $Q26, "") ) ) ) | Y26: =IF(AND(Y$3>=$H26, Y$3<=$I26), $J26, IF(AND(Y$3>=$K26, Y$3<=$L26), "電", IF(AND(Y$3>=$M26, Y$3<=$N26),"試", IF(AND(Y$3>=$O26, Y$3<=$P26), $Q26, "") ) ) ) | ... AH26: =IF(AND(AH$3>=$H26, AH$3<=$I26), $J26, IF(AND(AH$3>=$K26, AH$3<=$L26), "電", IF(AND(AH$3>=$M26, AH$3<=$N26),"試", IF(AND(AH$3>=$O26, AH$3<=$P26), $Q26, "") ) ) ) | AJ26: =IF(AND(AJ$3>=$H26, AJ$3<=$I26), $J26, IF(AND(AJ$3>=$K26, AJ$3<=$L26), "電", IF(AND(AJ$3>=$M26, AJ$3<=$N26),"試", IF(AND(AJ$3>=$O26, AJ$3<=$P26), $Q26, "") ) ) ) | AK26: =IF(AND(AK$3>=$H26, AK$3<=$I26), $J26, IF(AND(AK$3>=$K26, AK$3<=$L26), "電", IF(AND(AK$3>=$M26, AK$3<=$N26),"試", IF(AND(AK$3>=$O26, AK$3<=$P26), $Q26, "") ) ) ) | AL26: =IF(AND(AL$3>=$H26, AL$3<=$I26), $J26, IF(AND(AL$3>=$K26, AL$3<=$L26), "電", IF(AND(AL$3>=$M26, AL$3<=$N26),"試", IF(AND(AL$3>=$O26, AL$3<=$P26), $Q26, "") ) ) ) | AM26: =IF(AND(AM$3>=$H26, AM$3<=$I26), $J26, IF(AND(AM$3>=$K26, AM$3<=$L26), "電", IF(AND(AM$3>=$M26, AM$3<=$N26),"試", IF(AND(AM$3>=$O26, AM$3<=$P26), $Q26, "") ) ) ) | AN26: =IF(AND(AN$3>=$H26, AN$3<=$I26), $J26, IF(AND(AN$3>=$K26, AN$3<=$L26), "電", IF(AND(AN$3>=$M26, AN$3<=$N26),"試", IF(AND(AN$3>=$O26, AN$3<=$P26), $Q26, "") ) ) ) | AO26: =IF(AND(AO$3>=$H26, AO$3<=$I26), $J26, IF(AND(AO$3>=$K26, AO$3<=$L26), "電", IF(AND(AO$3>=$M26, AO$3<=$N26),"試", IF(AND(AO$3>=$O26, AO$3<=$P26), $Q26, "") ) ) ) | AP26: =IF(AND(AP$3>=$H26, AP$3<=$I26), $J26, IF(AND(AP$3>=$K26, AP$3<=$L26), "電", IF(AND(AP$3>=$M26, AP$3<=$N26),"試", IF(AND(AP$3>=$O26, AP$3<=$P26), $Q26, "") ) ) ) | AQ26: =IF(AND(AQ$3>=$H26, AQ$3<=$I26), $J26, IF(AND(AQ$3>=$K26, AQ$3<=$L26), "電", IF(AND(AQ$3>=$M26, AQ$3<=$N26),"試", IF(AND(AQ$3>=$O26, AQ$3<=$P26), $Q26, "") ) ) ) | ... CH26: =IF(AND(CH$3>=$H26, CH$3<=$I26), $J26, IF(AND(CH$3>=$K26, CH$3<=$L26), "電", IF(AND(CH$3>=$M26, CH$3<=$N26),"試", IF(AND(CH$3>=$O26, CH$3<=$P26), $Q26, "") ) ) )
B27: 2814 | C27: DF | D27: 46233 | E27: 大栄鋼業 | R27: =IF(AND(R$3>=$H27, R$3<=$I27), $J27, IF(AND(R$3>=$K27, R$3<=$L27), "電", IF(AND(R$3>=$M27, R$3<=$N27),"試", IF(AND(R$3>=$O27, R$3<=$P27), $Q27, "") ) ) ) | S27: =IF(AND(S$3>=$H27, S$3<=$I27), $J27, IF(AND(S$3>=$K27, S$3<=$L27), "電", IF(AND(S$3>=$M27, S$3<=$N27),"試", IF(AND(S$3>=$O27, S$3<=$P27), $Q27, "") ) ) ) | T27: =IF(AND(T$3>=$H27, T$3<=$I27), $J27, IF(AND(T$3>=$K27, T$3<=$L27), "電", IF(AND(T$3>=$M27, T$3<=$N27),"試", IF(AND(T$3>=$O27, T$3<=$P27), $Q27, "") ) ) ) | U27: =IF(AND(U$3>=$H27, U$3<=$I27), $J27, IF(AND(U$3>=$K27, U$3<=$L27), "電", IF(AND(U$3>=$M27, U$3<=$N27),"試", IF(AND(U$3>=$O27, U$3<=$P27), $Q27, "") ) ) ) | V27: =IF(AND(V$3>=$H27, V$3<=$I27), $J27, IF(AND(V$3>=$K27, V$3<=$L27), "電", IF(AND(V$3>=$M27, V$3<=$N27),"試", IF(AND(V$3>=$O27, V$3<=$P27), $Q27, "") ) ) ) | W27: =IF(AND(W$3>=$H27, W$3<=$I27), $J27, IF(AND(W$3>=$K27, W$3<=$L27), "電", IF(AND(W$3>=$M27, W$3<=$N27),"試", IF(AND(W$3>=$O27, W$3<=$P27), $Q27, "") ) ) ) | X27: =IF(AND(X$3>=$H27, X$3<=$I27), $J27, IF(AND(X$3>=$K27, X$3<=$L27), "電", IF(AND(X$3>=$M27, X$3<=$N27),"試", IF(AND(X$3>=$O27, X$3<=$P27), $Q27, "") ) ) ) | Y27: =IF(AND(Y$3>=$H27, Y$3<=$I27), $J27, IF(AND(Y$3>=$K27, Y$3<=$L27), "電", IF(AND(Y$3>=$M27, Y$3<=$N27),"試", IF(AND(Y$3>=$O27, Y$3<=$P27), $Q27, "") ) ) ) | ... AH27: =IF(AND(AH$3>=$H27, AH$3<=$I27), $J27, IF(AND(AH$3>=$K27, AH$3<=$L27), "電", IF(AND(AH$3>=$M27, AH$3<=$N27),"試", IF(AND(AH$3>=$O27, AH$3<=$P27), $Q27, "") ) ) ) | AJ27: =IF(AND(AJ$3>=$H27, AJ$3<=$I27), $J27, IF(AND(AJ$3>=$K27, AJ$3<=$L27), "電", IF(AND(AJ$3>=$M27, AJ$3<=$N27),"試", IF(AND(AJ$3>=$O27, AJ$3<=$P27), $Q27, "") ) ) ) | AK27: =IF(AND(AK$3>=$H27, AK$3<=$I27), $J27, IF(AND(AK$3>=$K27, AK$3<=$L27), "電", IF(AND(AK$3>=$M27, AK$3<=$N27),"試", IF(AND(AK$3>=$O27, AK$3<=$P27), $Q27, "") ) ) ) | AL27: =IF(AND(AL$3>=$H27, AL$3<=$I27), $J27, IF(AND(AL$3>=$K27, AL$3<=$L27), "電", IF(AND(AL$3>=$M27, AL$3<=$N27),"試", IF(AND(AL$3>=$O27, AL$3<=$P27), $Q27, "") ) ) ) | AM27: =IF(AND(AM$3>=$H27, AM$3<=$I27), $J27, IF(AND(AM$3>=$K27, AM$3<=$L27), "電", IF(AND(AM$3>=$M27, AM$3<=$N27),"試", IF(AND(AM$3>=$O27, AM$3<=$P27), $Q27, "") ) ) ) | AN27: =IF(AND(AN$3>=$H27, AN$3<=$I27), $J27, IF(AND(AN$3>=$K27, AN$3<=$L27), "電", IF(AND(AN$3>=$M27, AN$3<=$N27),"試", IF(AND(AN$3>=$O27, AN$3<=$P27), $Q27, "") ) ) ) | AO27: =IF(AND(AO$3>=$H27, AO$3<=$I27), $J27, IF(AND(AO$3>=$K27, AO$3<=$L27), "電", IF(AND(AO$3>=$M27, AO$3<=$N27),"試", IF(AND(AO$3>=$O27, AO$3<=$P27), $Q27, "") ) ) ) | AP27: =IF(AND(AP$3>=$H27, AP$3<=$I27), $J27, IF(AND(AP$3>=$K27, AP$3<=$L27), "電", IF(AND(AP$3>=$M27, AP$3<=$N27),"試", IF(AND(AP$3>=$O27, AP$3<=$P27), $Q27, "") ) ) ) | AQ27: =IF(AND(AQ$3>=$H27, AQ$3<=$I27), $J27, IF(AND(AQ$3>=$K27, AQ$3<=$L27), "電", IF(AND(AQ$3>=$M27, AQ$3<=$N27),"試", IF(AND(AQ$3>=$O27, AQ$3<=$P27), $Q27, "") ) ) ) | ... CH27: =IF(AND(CH$3>=$H27, CH$3<=$I27), $J27, IF(AND(CH$3>=$K27, CH$3<=$L27), "電", IF(AND(CH$3>=$M27, CH$3<=$N27),"試", IF(AND(CH$3>=$O27, CH$3<=$P27), $Q27, "") ) ) )
R28: =IF(AND(R$3>=$H28, R$3<=$I28), $J28, IF(AND(R$3>=$K28, R$3<=$L28), "電", IF(AND(R$3>=$M28, R$3<=$N28),"試", IF(AND(R$3>=$O28, R$3<=$P28), $Q28, "") ) ) ) | S28: =IF(AND(S$3>=$H28, S$3<=$I28), $J28, IF(AND(S$3>=$K28, S$3<=$L28), "電", IF(AND(S$3>=$M28, S$3<=$N28),"試", IF(AND(S$3>=$O28, S$3<=$P28), $Q28, "") ) ) ) | T28: =IF(AND(T$3>=$H28, T$3<=$I28), $J28, IF(AND(T$3>=$K28, T$3<=$L28), "電", IF(AND(T$3>=$M28, T$3<=$N28),"試", IF(AND(T$3>=$O28, T$3<=$P28), $Q28, "") ) ) ) | U28: =IF(AND(U$3>=$H28, U$3<=$I28), $J28, IF(AND(U$3>=$K28, U$3<=$L28), "電", IF(AND(U$3>=$M28, U$3<=$N28),"試", IF(AND(U$3>=$O28, U$3<=$P28), $Q28, "") ) ) ) | V28: =IF(AND(V$3>=$H28, V$3<=$I28), $J28, IF(AND(V$3>=$K28, V$3<=$L28), "電", IF(AND(V$3>=$M28, V$3<=$N28),"試", IF(AND(V$3>=$O28, V$3<=$P28), $Q28, "") ) ) ) | W28: =IF(AND(W$3>=$H28, W$3<=$I28), $J28, IF(AND(W$3>=$K28, W$3<=$L28), "電", IF(AND(W$3>=$M28, W$3<=$N28),"試", IF(AND(W$3>=$O28, W$3<=$P28), $Q28, "") ) ) ) | X28: =IF(AND(X$3>=$H28, X$3<=$I28), $J28, IF(AND(X$3>=$K28, X$3<=$L28), "電", IF(AND(X$3>=$M28, X$3<=$N28),"試", IF(AND(X$3>=$O28, X$3<=$P28), $Q28, "") ) ) ) | Y28: =IF(AND(Y$3>=$H28, Y$3<=$I28), $J28, IF(AND(Y$3>=$K28, Y$3<=$L28), "電", IF(AND(Y$3>=$M28, Y$3<=$N28),"試", IF(AND(Y$3>=$O28, Y$3<=$P28), $Q28, "") ) ) ) | ... AH28: =IF(AND(AH$3>=$H28, AH$3<=$I28), $J28, IF(AND(AH$3>=$K28, AH$3<=$L28), "電", IF(AND(AH$3>=$M28, AH$3<=$N28),"試", IF(AND(AH$3>=$O28, AH$3<=$P28), $Q28, "") ) ) ) | AJ28: =IF(AND(AJ$3>=$H28, AJ$3<=$I28), $J28, IF(AND(AJ$3>=$K28, AJ$3<=$L28), "電", IF(AND(AJ$3>=$M28, AJ$3<=$N28),"試", IF(AND(AJ$3>=$O28, AJ$3<=$P28), $Q28, "") ) ) ) | AK28: =IF(AND(AK$3>=$H28, AK$3<=$I28), $J28, IF(AND(AK$3>=$K28, AK$3<=$L28), "電", IF(AND(AK$3>=$M28, AK$3<=$N28),"試", IF(AND(AK$3>=$O28, AK$3<=$P28), $Q28, "") ) ) ) | AL28: =IF(AND(AL$3>=$H28, AL$3<=$I28), $J28, IF(AND(AL$3>=$K28, AL$3<=$L28), "電", IF(AND(AL$3>=$M28, AL$3<=$N28),"試", IF(AND(AL$3>=$O28, AL$3<=$P28), $Q28, "") ) ) ) | AM28: =IF(AND(AM$3>=$H28, AM$3<=$I28), $J28, IF(AND(AM$3>=$K28, AM$3<=$L28), "電", IF(AND(AM$3>=$M28, AM$3<=$N28),"試", IF(AND(AM$3>=$O28, AM$3<=$P28), $Q28, "") ) ) ) | AN28: =IF(AND(AN$3>=$H28, AN$3<=$I28), $J28, IF(AND(AN$3>=$K28, AN$3<=$L28), "電", IF(AND(AN$3>=$M28, AN$3<=$N28),"試", IF(AND(AN$3>=$O28, AN$3<=$P28), $Q28, "") ) ) ) | AO28: =IF(AND(AO$3>=$H28, AO$3<=$I28), $J28, IF(AND(AO$3>=$K28, AO$3<=$L28), "電", IF(AND(AO$3>=$M28, AO$3<=$N28),"試", IF(AND(AO$3>=$O28, AO$3<=$P28), $Q28, "") ) ) ) | AP28: =IF(AND(AP$3>=$H28, AP$3<=$I28), $J28, IF(AND(AP$3>=$K28, AP$3<=$L28), "電", IF(AND(AP$3>=$M28, AP$3<=$N28),"試", IF(AND(AP$3>=$O28, AP$3<=$P28), $Q28, "") ) ) ) | AQ28: =IF(AND(AQ$3>=$H28, AQ$3<=$I28), $J28, IF(AND(AQ$3>=$K28, AQ$3<=$L28), "電", IF(AND(AQ$3>=$M28, AQ$3<=$N28),"試", IF(AND(AQ$3>=$O28, AQ$3<=$P28), $Q28, "") ) ) ) | ... CH28: =IF(AND(CH$3>=$H28, CH$3<=$I28), $J28, IF(AND(CH$3>=$K28, CH$3<=$L28), "電", IF(AND(CH$3>=$M28, CH$3<=$N28),"試", IF(AND(CH$3>=$O28, CH$3<=$P28), $Q28, "") ) ) )
R29: =IF(AND(R$3>=$H29, R$3<=$I29), $J29, IF(AND(R$3>=$K29, R$3<=$L29), "電", IF(AND(R$3>=$M29, R$3<=$N29),"試", IF(AND(R$3>=$O29, R$3<=$P29), $Q29, "") ) ) ) | S29: =IF(AND(S$3>=$H29, S$3<=$I29), $J29, IF(AND(S$3>=$K29, S$3<=$L29), "電", IF(AND(S$3>=$M29, S$3<=$N29),"試", IF(AND(S$3>=$O29, S$3<=$P29), $Q29, "") ) ) ) | T29: =IF(AND(T$3>=$H29, T$3<=$I29), $J29, IF(AND(T$3>=$K29, T$3<=$L29), "電", IF(AND(T$3>=$M29, T$3<=$N29),"試", IF(AND(T$3>=$O29, T$3<=$P29), $Q29, "") ) ) ) | U29: =IF(AND(U$3>=$H29, U$3<=$I29), $J29, IF(AND(U$3>=$K29, U$3<=$L29), "電", IF(AND(U$3>=$M29, U$3<=$N29),"試", IF(AND(U$3>=$O29, U$3<=$P29), $Q29, "") ) ) ) | V29: =IF(AND(V$3>=$H29, V$3<=$I29), $J29, IF(AND(V$3>=$K29, V$3<=$L29), "電", IF(AND(V$3>=$M29, V$3<=$N29),"試", IF(AND(V$3>=$O29, V$3<=$P29), $Q29, "") ) ) ) | W29: =IF(AND(W$3>=$H29, W$3<=$I29), $J29, IF(AND(W$3>=$K29, W$3<=$L29), "電", IF(AND(W$3>=$M29, W$3<=$N29),"試", IF(AND(W$3>=$O29, W$3<=$P29), $Q29, "") ) ) ) | X29: =IF(AND(X$3>=$H29, X$3<=$I29), $J29, IF(AND(X$3>=$K29, X$3<=$L29), "電", IF(AND(X$3>=$M29, X$3<=$N29),"試", IF(AND(X$3>=$O29, X$3<=$P29), $Q29, "") ) ) ) | Y29: =IF(AND(Y$3>=$H29, Y$3<=$I29), $J29, IF(AND(Y$3>=$K29, Y$3<=$L29), "電", IF(AND(Y$3>=$M29, Y$3<=$N29),"試", IF(AND(Y$3>=$O29, Y$3<=$P29), $Q29, "") ) ) ) | ... AH29: =IF(AND(AH$3>=$H29, AH$3<=$I29), $J29, IF(AND(AH$3>=$K29, AH$3<=$L29), "電", IF(AND(AH$3>=$M29, AH$3<=$N29),"試", IF(AND(AH$3>=$O29, AH$3<=$P29), $Q29, "") ) ) ) | AJ29: =IF(AND(AJ$3>=$H29, AJ$3<=$I29), $J29, IF(AND(AJ$3>=$K29, AJ$3<=$L29), "電", IF(AND(AJ$3>=$M29, AJ$3<=$N29),"試", IF(AND(AJ$3>=$O29, AJ$3<=$P29), $Q29, "") ) ) ) | AK29: =IF(AND(AK$3>=$H29, AK$3<=$I29), $J29, IF(AND(AK$3>=$K29, AK$3<=$L29), "電", IF(AND(AK$3>=$M29, AK$3<=$N29),"試", IF(AND(AK$3>=$O29, AK$3<=$P29), $Q29, "") ) ) ) | AL29: =IF(AND(AL$3>=$H29, AL$3<=$I29), $J29, IF(AND(AL$3>=$K29, AL$3<=$L29), "電", IF(AND(AL$3>=$M29, AL$3<=$N29),"試", IF(AND(AL$3>=$O29, AL$3<=$P29), $Q29, "") ) ) ) | AM29: =IF(AND(AM$3>=$H29, AM$3<=$I29), $J29, IF(AND(AM$3>=$K29, AM$3<=$L29), "電", IF(AND(AM$3>=$M29, AM$3<=$N29),"試", IF(AND(AM$3>=$O29, AM$3<=$P29), $Q29, "") ) ) ) | AN29: =IF(AND(AN$3>=$H29, AN$3<=$I29), $J29, IF(AND(AN$3>=$K29, AN$3<=$L29), "電", IF(AND(AN$3>=$M29, AN$3<=$N29),"試", IF(AND(AN$3>=$O29, AN$3<=$P29), $Q29, "") ) ) ) | AO29: =IF(AND(AO$3>=$H29, AO$3<=$I29), $J29, IF(AND(AO$3>=$K29, AO$3<=$L29), "電", IF(AND(AO$3>=$M29, AO$3<=$N29),"試", IF(AND(AO$3>=$O29, AO$3<=$P29), $Q29, "") ) ) ) | AP29: =IF(AND(AP$3>=$H29, AP$3<=$I29), $J29, IF(AND(AP$3>=$K29, AP$3<=$L29), "電", IF(AND(AP$3>=$M29, AP$3<=$N29),"試", IF(AND(AP$3>=$O29, AP$3<=$P29), $Q29, "") ) ) ) | AQ29: =IF(AND(AQ$3>=$H29, AQ$3<=$I29), $J29, IF(AND(AQ$3>=$K29, AQ$3<=$L29), "電", IF(AND(AQ$3>=$M29, AQ$3<=$N29),"試", IF(AND(AQ$3>=$O29, AQ$3<=$P29), $Q29, "") ) ) ) | ... CH29: =IF(AND(CH$3>=$H29, CH$3<=$I29), $J29, IF(AND(CH$3>=$K29, CH$3<=$L29), "電", IF(AND(CH$3>=$M29, CH$3<=$N29),"試", IF(AND(CH$3>=$O29, CH$3<=$P29), $Q29, "") ) ) )
B30: 2815 | C30: WAIC | D30: 46136 | E30: 日鉄建材仙台 | R30: =IF(AND(R$3>=$H30, R$3<=$I30), $J30, IF(AND(R$3>=$K30, R$3<=$L30), "電", IF(AND(R$3>=$M30, R$3<=$N30),"試", IF(AND(R$3>=$O30, R$3<=$P30), $Q30, "") ) ) ) | S30: =IF(AND(S$3>=$H30, S$3<=$I30), $J30, IF(AND(S$3>=$K30, S$3<=$L30), "電", IF(AND(S$3>=$M30, S$3<=$N30),"試", IF(AND(S$3>=$O30, S$3<=$P30), $Q30, "") ) ) ) | T30: =IF(AND(T$3>=$H30, T$3<=$I30), $J30, IF(AND(T$3>=$K30, T$3<=$L30), "電", IF(AND(T$3>=$M30, T$3<=$N30),"試", IF(AND(T$3>=$O30, T$3<=$P30), $Q30, "") ) ) ) | U30: =IF(AND(U$3>=$H30, U$3<=$I30), $J30, IF(AND(U$3>=$K30, U$3<=$L30), "電", IF(AND(U$3>=$M30, U$3<=$N30),"試", IF(AND(U$3>=$O30, U$3<=$P30), $Q30, "") ) ) ) | V30: =IF(AND(V$3>=$H30, V$3<=$I30), $J30, IF(AND(V$3>=$K30, V$3<=$L30), "電", IF(AND(V$3>=$M30, V$3<=$N30),"試", IF(AND(V$3>=$O30, V$3<=$P30), $Q30, "") ) ) ) | W30: =IF(AND(W$3>=$H30, W$3<=$I30), $J30, IF(AND(W$3>=$K30, W$3<=$L30), "電", IF(AND(W$3>=$M30, W$3<=$N30),"試", IF(AND(W$3>=$O30, W$3<=$P30), $Q30, "") ) ) ) | X30: =IF(AND(X$3>=$H30, X$3<=$I30), $J30, IF(AND(X$3>=$K30, X$3<=$L30), "電", IF(AND(X$3>=$M30, X$3<=$N30),"試", IF(AND(X$3>=$O30, X$3<=$P30), $Q30, "") ) ) ) | Y30: =IF(AND(Y$3>=$H30, Y$3<=$I30), $J30, IF(AND(Y$3>=$K30, Y$3<=$L30), "電", IF(AND(Y$3>=$M30, Y$3<=$N30),"試", IF(AND(Y$3>=$O30, Y$3<=$P30), $Q30, "") ) ) ) | ... AH30: =IF(AND(AH$3>=$H30, AH$3<=$I30), $J30, IF(AND(AH$3>=$K30, AH$3<=$L30), "電", IF(AND(AH$3>=$M30, AH$3<=$N30),"試", IF(AND(AH$3>=$O30, AH$3<=$P30), $Q30, "") ) ) ) | AJ30: =IF(AND(AJ$3>=$H30, AJ$3<=$I30), $J30, IF(AND(AJ$3>=$K30, AJ$3<=$L30), "電", IF(AND(AJ$3>=$M30, AJ$3<=$N30),"試", IF(AND(AJ$3>=$O30, AJ$3<=$P30), $Q30, "") ) ) ) | AK30: =IF(AND(AK$3>=$H30, AK$3<=$I30), $J30, IF(AND(AK$3>=$K30, AK$3<=$L30), "電", IF(AND(AK$3>=$M30, AK$3<=$N30),"試", IF(AND(AK$3>=$O30, AK$3<=$P30), $Q30, "") ) ) ) | AL30: =IF(AND(AL$3>=$H30, AL$3<=$I30), $J30, IF(AND(AL$3>=$K30, AL$3<=$L30), "電", IF(AND(AL$3>=$M30, AL$3<=$N30),"試", IF(AND(AL$3>=$O30, AL$3<=$P30), $Q30, "") ) ) ) | AM30: =IF(AND(AM$3>=$H30, AM$3<=$I30), $J30, IF(AND(AM$3>=$K30, AM$3<=$L30), "電", IF(AND(AM$3>=$M30, AM$3<=$N30),"試", IF(AND(AM$3>=$O30, AM$3<=$P30), $Q30, "") ) ) ) | AN30: =IF(AND(AN$3>=$H30, AN$3<=$I30), $J30, IF(AND(AN$3>=$K30, AN$3<=$L30), "電", IF(AND(AN$3>=$M30, AN$3<=$N30),"試", IF(AND(AN$3>=$O30, AN$3<=$P30), $Q30, "") ) ) ) | AO30: =IF(AND(AO$3>=$H30, AO$3<=$I30), $J30, IF(AND(AO$3>=$K30, AO$3<=$L30), "電", IF(AND(AO$3>=$M30, AO$3<=$N30),"試", IF(AND(AO$3>=$O30, AO$3<=$P30), $Q30, "") ) ) ) | AP30: =IF(AND(AP$3>=$H30, AP$3<=$I30), $J30, IF(AND(AP$3>=$K30, AP$3<=$L30), "電", IF(AND(AP$3>=$M30, AP$3<=$N30),"試", IF(AND(AP$3>=$O30, AP$3<=$P30), $Q30, "") ) ) ) | AQ30: =IF(AND(AQ$3>=$H30, AQ$3<=$I30), $J30, IF(AND(AQ$3>=$K30, AQ$3<=$L30), "電", IF(AND(AQ$3>=$M30, AQ$3<=$N30),"試", IF(AND(AQ$3>=$O30, AQ$3<=$P30), $Q30, "") ) ) ) | ... CH30: =IF(AND(CH$3>=$H30, CH$3<=$I30), $J30, IF(AND(CH$3>=$K30, CH$3<=$L30), "電", IF(AND(CH$3>=$M30, CH$3<=$N30),"試", IF(AND(CH$3>=$O30, CH$3<=$P30), $Q30, "") ) ) )
R31: =IF(AND(R$3>=$H31, R$3<=$I31), $J31, IF(AND(R$3>=$K31, R$3<=$L31), "電", IF(AND(R$3>=$M31, R$3<=$N31),"試", IF(AND(R$3>=$O31, R$3<=$P31), $Q31, "") ) ) ) | S31: =IF(AND(S$3>=$H31, S$3<=$I31), $J31, IF(AND(S$3>=$K31, S$3<=$L31), "電", IF(AND(S$3>=$M31, S$3<=$N31),"試", IF(AND(S$3>=$O31, S$3<=$P31), $Q31, "") ) ) ) | T31: =IF(AND(T$3>=$H31, T$3<=$I31), $J31, IF(AND(T$3>=$K31, T$3<=$L31), "電", IF(AND(T$3>=$M31, T$3<=$N31),"試", IF(AND(T$3>=$O31, T$3<=$P31), $Q31, "") ) ) ) | U31: =IF(AND(U$3>=$H31, U$3<=$I31), $J31, IF(AND(U$3>=$K31, U$3<=$L31), "電", IF(AND(U$3>=$M31, U$3<=$N31),"試", IF(AND(U$3>=$O31, U$3<=$P31), $Q31, "") ) ) ) | V31: =IF(AND(V$3>=$H31, V$3<=$I31), $J31, IF(AND(V$3>=$K31, V$3<=$L31), "電", IF(AND(V$3>=$M31, V$3<=$N31),"試", IF(AND(V$3>=$O31, V$3<=$P31), $Q31, "") ) ) ) | W31: =IF(AND(W$3>=$H31, W$3<=$I31), $J31, IF(AND(W$3>=$K31, W$3<=$L31), "電", IF(AND(W$3>=$M31, W$3<=$N31),"試", IF(AND(W$3>=$O31, W$3<=$P31), $Q31, "") ) ) ) | X31: =IF(AND(X$3>=$H31, X$3<=$I31), $J31, IF(AND(X$3>=$K31, X$3<=$L31), "電", IF(AND(X$3>=$M31, X$3<=$N31),"試", IF(AND(X$3>=$O31, X$3<=$P31), $Q31, "") ) ) ) | Y31: =IF(AND(Y$3>=$H31, Y$3<=$I31), $J31, IF(AND(Y$3>=$K31, Y$3<=$L31), "電", IF(AND(Y$3>=$M31, Y$3<=$N31),"試", IF(AND(Y$3>=$O31, Y$3<=$P31), $Q31, "") ) ) ) | ... AH31: =IF(AND(AH$3>=$H31, AH$3<=$I31), $J31, IF(AND(AH$3>=$K31, AH$3<=$L31), "電", IF(AND(AH$3>=$M31, AH$3<=$N31),"試", IF(AND(AH$3>=$O31, AH$3<=$P31), $Q31, "") ) ) ) | AJ31: =IF(AND(AJ$3>=$H31, AJ$3<=$I31), $J31, IF(AND(AJ$3>=$K31, AJ$3<=$L31), "電", IF(AND(AJ$3>=$M31, AJ$3<=$N31),"試", IF(AND(AJ$3>=$O31, AJ$3<=$P31), $Q31, "") ) ) ) | AK31: =IF(AND(AK$3>=$H31, AK$3<=$I31), $J31, IF(AND(AK$3>=$K31, AK$3<=$L31), "電", IF(AND(AK$3>=$M31, AK$3<=$N31),"試", IF(AND(AK$3>=$O31, AK$3<=$P31), $Q31, "") ) ) ) | AL31: =IF(AND(AL$3>=$H31, AL$3<=$I31), $J31, IF(AND(AL$3>=$K31, AL$3<=$L31), "電", IF(AND(AL$3>=$M31, AL$3<=$N31),"試", IF(AND(AL$3>=$O31, AL$3<=$P31), $Q31, "") ) ) ) | AM31: =IF(AND(AM$3>=$H31, AM$3<=$I31), $J31, IF(AND(AM$3>=$K31, AM$3<=$L31), "電", IF(AND(AM$3>=$M31, AM$3<=$N31),"試", IF(AND(AM$3>=$O31, AM$3<=$P31), $Q31, "") ) ) ) | AN31: =IF(AND(AN$3>=$H31, AN$3<=$I31), $J31, IF(AND(AN$3>=$K31, AN$3<=$L31), "電", IF(AND(AN$3>=$M31, AN$3<=$N31),"試", IF(AND(AN$3>=$O31, AN$3<=$P31), $Q31, "") ) ) ) | AO31: =IF(AND(AO$3>=$H31, AO$3<=$I31), $J31, IF(AND(AO$3>=$K31, AO$3<=$L31), "電", IF(AND(AO$3>=$M31, AO$3<=$N31),"試", IF(AND(AO$3>=$O31, AO$3<=$P31), $Q31, "") ) ) ) | AP31: =IF(AND(AP$3>=$H31, AP$3<=$I31), $J31, IF(AND(AP$3>=$K31, AP$3<=$L31), "電", IF(AND(AP$3>=$M31, AP$3<=$N31),"試", IF(AND(AP$3>=$O31, AP$3<=$P31), $Q31, "") ) ) ) | AQ31: =IF(AND(AQ$3>=$H31, AQ$3<=$I31), $J31, IF(AND(AQ$3>=$K31, AQ$3<=$L31), "電", IF(AND(AQ$3>=$M31, AQ$3<=$N31),"試", IF(AND(AQ$3>=$O31, AQ$3<=$P31), $Q31, "") ) ) ) | ... CH31: =IF(AND(CH$3>=$H31, CH$3<=$I31), $J31, IF(AND(CH$3>=$K31, CH$3<=$L31), "電", IF(AND(CH$3>=$M31, CH$3<=$N31),"試", IF(AND(CH$3>=$O31, CH$3<=$P31), $Q31, "") ) ) )
B32: 2816 | C32: DF,TR | R32: =IF(AND(R$3>=$H32, R$3<=$I32), $J32, IF(AND(R$3>=$K32, R$3<=$L32), "電", IF(AND(R$3>=$M32, R$3<=$N32),"試", IF(AND(R$3>=$O32, R$3<=$P32), $Q32, "") ) ) ) | S32: =IF(AND(S$3>=$H32, S$3<=$I32), $J32, IF(AND(S$3>=$K32, S$3<=$L32), "電", IF(AND(S$3>=$M32, S$3<=$N32),"試", IF(AND(S$3>=$O32, S$3<=$P32), $Q32, "") ) ) ) | T32: =IF(AND(T$3>=$H32, T$3<=$I32), $J32, IF(AND(T$3>=$K32, T$3<=$L32), "電", IF(AND(T$3>=$M32, T$3<=$N32),"試", IF(AND(T$3>=$O32, T$3<=$P32), $Q32, "") ) ) ) | U32: =IF(AND(U$3>=$H32, U$3<=$I32), $J32, IF(AND(U$3>=$K32, U$3<=$L32), "電", IF(AND(U$3>=$M32, U$3<=$N32),"試", IF(AND(U$3>=$O32, U$3<=$P32), $Q32, "") ) ) ) | V32: =IF(AND(V$3>=$H32, V$3<=$I32), $J32, IF(AND(V$3>=$K32, V$3<=$L32), "電", IF(AND(V$3>=$M32, V$3<=$N32),"試", IF(AND(V$3>=$O32, V$3<=$P32), $Q32, "") ) ) ) | W32: =IF(AND(W$3>=$H32, W$3<=$I32), $J32, IF(AND(W$3>=$K32, W$3<=$L32), "電", IF(AND(W$3>=$M32, W$3<=$N32),"試", IF(AND(W$3>=$O32, W$3<=$P32), $Q32, "") ) ) ) | X32: =IF(AND(X$3>=$H32, X$3<=$I32), $J32, IF(AND(X$3>=$K32, X$3<=$L32), "電", IF(AND(X$3>=$M32, X$3<=$N32),"試", IF(AND(X$3>=$O32, X$3<=$P32), $Q32, "") ) ) ) | Y32: =IF(AND(Y$3>=$H32, Y$3<=$I32), $J32, IF(AND(Y$3>=$K32, Y$3<=$L32), "電", IF(AND(Y$3>=$M32, Y$3<=$N32),"試", IF(AND(Y$3>=$O32, Y$3<=$P32), $Q32, "") ) ) ) | ... AH32: =IF(AND(AH$3>=$H32, AH$3<=$I32), $J32, IF(AND(AH$3>=$K32, AH$3<=$L32), "電", IF(AND(AH$3>=$M32, AH$3<=$N32),"試", IF(AND(AH$3>=$O32, AH$3<=$P32), $Q32, "") ) ) ) | AJ32: =IF(AND(AJ$3>=$H32, AJ$3<=$I32), $J32, IF(AND(AJ$3>=$K32, AJ$3<=$L32), "電", IF(AND(AJ$3>=$M32, AJ$3<=$N32),"試", IF(AND(AJ$3>=$O32, AJ$3<=$P32), $Q32, "") ) ) ) | AK32: =IF(AND(AK$3>=$H32, AK$3<=$I32), $J32, IF(AND(AK$3>=$K32, AK$3<=$L32), "電", IF(AND(AK$3>=$M32, AK$3<=$N32),"試", IF(AND(AK$3>=$O32, AK$3<=$P32), $Q32, "") ) ) ) | AL32: =IF(AND(AL$3>=$H32, AL$3<=$I32), $J32, IF(AND(AL$3>=$K32, AL$3<=$L32), "電", IF(AND(AL$3>=$M32, AL$3<=$N32),"試", IF(AND(AL$3>=$O32, AL$3<=$P32), $Q32, "") ) ) ) | AM32: =IF(AND(AM$3>=$H32, AM$3<=$I32), $J32, IF(AND(AM$3>=$K32, AM$3<=$L32), "電", IF(AND(AM$3>=$M32, AM$3<=$N32),"試", IF(AND(AM$3>=$O32, AM$3<=$P32), $Q32, "") ) ) ) | AN32: =IF(AND(AN$3>=$H32, AN$3<=$I32), $J32, IF(AND(AN$3>=$K32, AN$3<=$L32), "電", IF(AND(AN$3>=$M32, AN$3<=$N32),"試", IF(AND(AN$3>=$O32, AN$3<=$P32), $Q32, "") ) ) ) | AO32: =IF(AND(AO$3>=$H32, AO$3<=$I32), $J32, IF(AND(AO$3>=$K32, AO$3<=$L32), "電", IF(AND(AO$3>=$M32, AO$3<=$N32),"試", IF(AND(AO$3>=$O32, AO$3<=$P32), $Q32, "") ) ) ) | AP32: =IF(AND(AP$3>=$H32, AP$3<=$I32), $J32, IF(AND(AP$3>=$K32, AP$3<=$L32), "電", IF(AND(AP$3>=$M32, AP$3<=$N32),"試", IF(AND(AP$3>=$O32, AP$3<=$P32), $Q32, "") ) ) ) | AQ32: =IF(AND(AQ$3>=$H32, AQ$3<=$I32), $J32, IF(AND(AQ$3>=$K32, AQ$3<=$L32), "電", IF(AND(AQ$3>=$M32, AQ$3<=$N32),"試", IF(AND(AQ$3>=$O32, AQ$3<=$P32), $Q32, "") ) ) ) | ... CH32: =IF(AND(CH$3>=$H32, CH$3<=$I32), $J32, IF(AND(CH$3>=$K32, CH$3<=$L32), "電", IF(AND(CH$3>=$M32, CH$3<=$N32),"試", IF(AND(CH$3>=$O32, CH$3<=$P32), $Q32, "") ) ) )
B33: 2817 | C33: MC | D33: 46080 | E33: Tenaris | F33: 走行系更新 | R33: =IF(AND(R$3>=$H33, R$3<=$I33), $J33, IF(AND(R$3>=$K33, R$3<=$L33), "電", IF(AND(R$3>=$M33, R$3<=$N33),"試", IF(AND(R$3>=$O33, R$3<=$P33), $Q33, "") ) ) ) | S33: =IF(AND(S$3>=$H33, S$3<=$I33), $J33, IF(AND(S$3>=$K33, S$3<=$L33), "電", IF(AND(S$3>=$M33, S$3<=$N33),"試", IF(AND(S$3>=$O33, S$3<=$P33), $Q33, "") ) ) ) | T33: =IF(AND(T$3>=$H33, T$3<=$I33), $J33, IF(AND(T$3>=$K33, T$3<=$L33), "電", IF(AND(T$3>=$M33, T$3<=$N33),"試", IF(AND(T$3>=$O33, T$3<=$P33), $Q33, "") ) ) ) | U33: =IF(AND(U$3>=$H33, U$3<=$I33), $J33, IF(AND(U$3>=$K33, U$3<=$L33), "電", IF(AND(U$3>=$M33, U$3<=$N33),"試", IF(AND(U$3>=$O33, U$3<=$P33), $Q33, "") ) ) ) | V33: =IF(AND(V$3>=$H33, V$3<=$I33), $J33, IF(AND(V$3>=$K33, V$3<=$L33), "電", IF(AND(V$3>=$M33, V$3<=$N33),"試", IF(AND(V$3>=$O33, V$3<=$P33), $Q33, "") ) ) ) | W33: =IF(AND(W$3>=$H33, W$3<=$I33), $J33, IF(AND(W$3>=$K33, W$3<=$L33), "電", IF(AND(W$3>=$M33, W$3<=$N33),"試", IF(AND(W$3>=$O33, W$3<=$P33), $Q33, "") ) ) ) | X33: =IF(AND(X$3>=$H33, X$3<=$I33), $J33, IF(AND(X$3>=$K33, X$3<=$L33), "電", IF(AND(X$3>=$M33, X$3<=$N33),"試", IF(AND(X$3>=$O33, X$3<=$P33), $Q33, "") ) ) ) | Y33: =IF(AND(Y$3>=$H33, Y$3<=$I33), $J33, IF(AND(Y$3>=$K33, Y$3<=$L33), "電", IF(AND(Y$3>=$M33, Y$3<=$N33),"試", IF(AND(Y$3>=$O33, Y$3<=$P33), $Q33, "") ) ) ) | ... AH33: =IF(AND(AH$3>=$H33, AH$3<=$I33), $J33, IF(AND(AH$3>=$K33, AH$3<=$L33), "電", IF(AND(AH$3>=$M33, AH$3<=$N33),"試", IF(AND(AH$3>=$O33, AH$3<=$P33), $Q33, "") ) ) ) | AJ33: =IF(AND(AJ$3>=$H33, AJ$3<=$I33), $J33, IF(AND(AJ$3>=$K33, AJ$3<=$L33), "電", IF(AND(AJ$3>=$M33, AJ$3<=$N33),"試", IF(AND(AJ$3>=$O33, AJ$3<=$P33), $Q33, "") ) ) ) | AK33: =IF(AND(AK$3>=$H33, AK$3<=$I33), $J33, IF(AND(AK$3>=$K33, AK$3<=$L33), "電", IF(AND(AK$3>=$M33, AK$3<=$N33),"試", IF(AND(AK$3>=$O33, AK$3<=$P33), $Q33, "") ) ) ) | AL33: =IF(AND(AL$3>=$H33, AL$3<=$I33), $J33, IF(AND(AL$3>=$K33, AL$3<=$L33), "電", IF(AND(AL$3>=$M33, AL$3<=$N33),"試", IF(AND(AL$3>=$O33, AL$3<=$P33), $Q33, "") ) ) ) | AM33: =IF(AND(AM$3>=$H33, AM$3<=$I33), $J33, IF(AND(AM$3>=$K33, AM$3<=$L33), "電", IF(AND(AM$3>=$M33, AM$3<=$N33),"試", IF(AND(AM$3>=$O33, AM$3<=$P33), $Q33, "") ) ) ) | AN33: =IF(AND(AN$3>=$H33, AN$3<=$I33), $J33, IF(AND(AN$3>=$K33, AN$3<=$L33), "電", IF(AND(AN$3>=$M33, AN$3<=$N33),"試", IF(AND(AN$3>=$O33, AN$3<=$P33), $Q33, "") ) ) ) | AO33: =IF(AND(AO$3>=$H33, AO$3<=$I33), $J33, IF(AND(AO$3>=$K33, AO$3<=$L33), "電", IF(AND(AO$3>=$M33, AO$3<=$N33),"試", IF(AND(AO$3>=$O33, AO$3<=$P33), $Q33, "") ) ) ) | AP33: =IF(AND(AP$3>=$H33, AP$3<=$I33), $J33, IF(AND(AP$3>=$K33, AP$3<=$L33), "電", IF(AND(AP$3>=$M33, AP$3<=$N33),"試", IF(AND(AP$3>=$O33, AP$3<=$P33), $Q33, "") ) ) ) | AQ33: =IF(AND(AQ$3>=$H33, AQ$3<=$I33), $J33, IF(AND(AQ$3>=$K33, AQ$3<=$L33), "電", IF(AND(AQ$3>=$M33, AQ$3<=$N33),"試", IF(AND(AQ$3>=$O33, AQ$3<=$P33), $Q33, "") ) ) ) | ... CH33: =IF(AND(CH$3>=$H33, CH$3<=$I33), $J33, IF(AND(CH$3>=$K33, CH$3<=$L33), "電", IF(AND(CH$3>=$M33, CH$3<=$N33),"試", IF(AND(CH$3>=$O33, CH$3<=$P33), $Q33, "") ) ) )
B34: 2818 | C34: PC | F34: 部品テスト配線 | R34: =IF(AND(R$3>=$H34, R$3<=$I34), $J34, IF(AND(R$3>=$K34, R$3<=$L34), "電", IF(AND(R$3>=$M34, R$3<=$N34),"試", IF(AND(R$3>=$O34, R$3<=$P34), $Q34, "") ) ) ) | S34: =IF(AND(S$3>=$H34, S$3<=$I34), $J34, IF(AND(S$3>=$K34, S$3<=$L34), "電", IF(AND(S$3>=$M34, S$3<=$N34),"試", IF(AND(S$3>=$O34, S$3<=$P34), $Q34, "") ) ) ) | T34: =IF(AND(T$3>=$H34, T$3<=$I34), $J34, IF(AND(T$3>=$K34, T$3<=$L34), "電", IF(AND(T$3>=$M34, T$3<=$N34),"試", IF(AND(T$3>=$O34, T$3<=$P34), $Q34, "") ) ) ) | U34: =IF(AND(U$3>=$H34, U$3<=$I34), $J34, IF(AND(U$3>=$K34, U$3<=$L34), "電", IF(AND(U$3>=$M34, U$3<=$N34),"試", IF(AND(U$3>=$O34, U$3<=$P34), $Q34, "") ) ) ) | V34: =IF(AND(V$3>=$H34, V$3<=$I34), $J34, IF(AND(V$3>=$K34, V$3<=$L34), "電", IF(AND(V$3>=$M34, V$3<=$N34),"試", IF(AND(V$3>=$O34, V$3<=$P34), $Q34, "") ) ) ) | W34: =IF(AND(W$3>=$H34, W$3<=$I34), $J34, IF(AND(W$3>=$K34, W$3<=$L34), "電", IF(AND(W$3>=$M34, W$3<=$N34),"試", IF(AND(W$3>=$O34, W$3<=$P34), $Q34, "") ) ) ) | X34: =IF(AND(X$3>=$H34, X$3<=$I34), $J34, IF(AND(X$3>=$K34, X$3<=$L34), "電", IF(AND(X$3>=$M34, X$3<=$N34),"試", IF(AND(X$3>=$O34, X$3<=$P34), $Q34, "") ) ) ) | Y34: =IF(AND(Y$3>=$H34, Y$3<=$I34), $J34, IF(AND(Y$3>=$K34, Y$3<=$L34), "電", IF(AND(Y$3>=$M34, Y$3<=$N34),"試", IF(AND(Y$3>=$O34, Y$3<=$P34), $Q34, "") ) ) ) | ... AH34: =IF(AND(AH$3>=$H34, AH$3<=$I34), $J34, IF(AND(AH$3>=$K34, AH$3<=$L34), "電", IF(AND(AH$3>=$M34, AH$3<=$N34),"試", IF(AND(AH$3>=$O34, AH$3<=$P34), $Q34, "") ) ) ) | AJ34: =IF(AND(AJ$3>=$H34, AJ$3<=$I34), $J34, IF(AND(AJ$3>=$K34, AJ$3<=$L34), "電", IF(AND(AJ$3>=$M34, AJ$3<=$N34),"試", IF(AND(AJ$3>=$O34, AJ$3<=$P34), $Q34, "") ) ) ) | AK34: =IF(AND(AK$3>=$H34, AK$3<=$I34), $J34, IF(AND(AK$3>=$K34, AK$3<=$L34), "電", IF(AND(AK$3>=$M34, AK$3<=$N34),"試", IF(AND(AK$3>=$O34, AK$3<=$P34), $Q34, "") ) ) ) | AL34: =IF(AND(AL$3>=$H34, AL$3<=$I34), $J34, IF(AND(AL$3>=$K34, AL$3<=$L34), "電", IF(AND(AL$3>=$M34, AL$3<=$N34),"試", IF(AND(AL$3>=$O34, AL$3<=$P34), $Q34, "") ) ) ) | AM34: =IF(AND(AM$3>=$H34, AM$3<=$I34), $J34, IF(AND(AM$3>=$K34, AM$3<=$L34), "電", IF(AND(AM$3>=$M34, AM$3<=$N34),"試", IF(AND(AM$3>=$O34, AM$3<=$P34), $Q34, "") ) ) ) | AN34: =IF(AND(AN$3>=$H34, AN$3<=$I34), $J34, IF(AND(AN$3>=$K34, AN$3<=$L34), "電", IF(AND(AN$3>=$M34, AN$3<=$N34),"試", IF(AND(AN$3>=$O34, AN$3<=$P34), $Q34, "") ) ) ) | AO34: =IF(AND(AO$3>=$H34, AO$3<=$I34), $J34, IF(AND(AO$3>=$K34, AO$3<=$L34), "電", IF(AND(AO$3>=$M34, AO$3<=$N34),"試", IF(AND(AO$3>=$O34, AO$3<=$P34), $Q34, "") ) ) ) | AP34: =IF(AND(AP$3>=$H34, AP$3<=$I34), $J34, IF(AND(AP$3>=$K34, AP$3<=$L34), "電", IF(AND(AP$3>=$M34, AP$3<=$N34),"試", IF(AND(AP$3>=$O34, AP$3<=$P34), $Q34, "") ) ) ) | AQ34: =IF(AND(AQ$3>=$H34, AQ$3<=$I34), $J34, IF(AND(AQ$3>=$K34, AQ$3<=$L34), "電", IF(AND(AQ$3>=$M34, AQ$3<=$N34),"試", IF(AND(AQ$3>=$O34, AQ$3<=$P34), $Q34, "") ) ) ) | ... CH34: =IF(AND(CH$3>=$H34, CH$3<=$I34), $J34, IF(AND(CH$3>=$K34, CH$3<=$L34), "電", IF(AND(CH$3>=$M34, CH$3<=$N34),"試", IF(AND(CH$3>=$O34, CH$3<=$P34), $Q34, "") ) ) )
B35: 2819 | R35: =IF(AND(R$3>=$H35, R$3<=$I35), $J35, IF(AND(R$3>=$K35, R$3<=$L35), "電", IF(AND(R$3>=$M35, R$3<=$N35),"試", IF(AND(R$3>=$O35, R$3<=$P35), $Q35, "") ) ) ) | S35: =IF(AND(S$3>=$H35, S$3<=$I35), $J35, IF(AND(S$3>=$K35, S$3<=$L35), "電", IF(AND(S$3>=$M35, S$3<=$N35),"試", IF(AND(S$3>=$O35, S$3<=$P35), $Q35, "") ) ) ) | T35: =IF(AND(T$3>=$H35, T$3<=$I35), $J35, IF(AND(T$3>=$K35, T$3<=$L35), "電", IF(AND(T$3>=$M35, T$3<=$N35),"試", IF(AND(T$3>=$O35, T$3<=$P35), $Q35, "") ) ) ) | U35: =IF(AND(U$3>=$H35, U$3<=$I35), $J35, IF(AND(U$3>=$K35, U$3<=$L35), "電", IF(AND(U$3>=$M35, U$3<=$N35),"試", IF(AND(U$3>=$O35, U$3<=$P35), $Q35, "") ) ) ) | V35: =IF(AND(V$3>=$H35, V$3<=$I35), $J35, IF(AND(V$3>=$K35, V$3<=$L35), "電", IF(AND(V$3>=$M35, V$3<=$N35),"試", IF(AND(V$3>=$O35, V$3<=$P35), $Q35, "") ) ) ) | W35: =IF(AND(W$3>=$H35, W$3<=$I35), $J35, IF(AND(W$3>=$K35, W$3<=$L35), "電", IF(AND(W$3>=$M35, W$3<=$N35),"試", IF(AND(W$3>=$O35, W$3<=$P35), $Q35, "") ) ) ) | X35: =IF(AND(X$3>=$H35, X$3<=$I35), $J35, IF(AND(X$3>=$K35, X$3<=$L35), "電", IF(AND(X$3>=$M35, X$3<=$N35),"試", IF(AND(X$3>=$O35, X$3<=$P35), $Q35, "") ) ) ) | Y35: =IF(AND(Y$3>=$H35, Y$3<=$I35), $J35, IF(AND(Y$3>=$K35, Y$3<=$L35), "電", IF(AND(Y$3>=$M35, Y$3<=$N35),"試", IF(AND(Y$3>=$O35, Y$3<=$P35), $Q35, "") ) ) ) | ... AH35: =IF(AND(AH$3>=$H35, AH$3<=$I35), $J35, IF(AND(AH$3>=$K35, AH$3<=$L35), "電", IF(AND(AH$3>=$M35, AH$3<=$N35),"試", IF(AND(AH$3>=$O35, AH$3<=$P35), $Q35, "") ) ) ) | AJ35: =IF(AND(AJ$3>=$H35, AJ$3<=$I35), $J35, IF(AND(AJ$3>=$K35, AJ$3<=$L35), "電", IF(AND(AJ$3>=$M35, AJ$3<=$N35),"試", IF(AND(AJ$3>=$O35, AJ$3<=$P35), $Q35, "") ) ) ) | AK35: =IF(AND(AK$3>=$H35, AK$3<=$I35), $J35, IF(AND(AK$3>=$K35, AK$3<=$L35), "電", IF(AND(AK$3>=$M35, AK$3<=$N35),"試", IF(AND(AK$3>=$O35, AK$3<=$P35), $Q35, "") ) ) ) | AL35: =IF(AND(AL$3>=$H35, AL$3<=$I35), $J35, IF(AND(AL$3>=$K35, AL$3<=$L35), "電", IF(AND(AL$3>=$M35, AL$3<=$N35),"試", IF(AND(AL$3>=$O35, AL$3<=$P35), $Q35, "") ) ) ) | AM35: =IF(AND(AM$3>=$H35, AM$3<=$I35), $J35, IF(AND(AM$3>=$K35, AM$3<=$L35), "電", IF(AND(AM$3>=$M35, AM$3<=$N35),"試", IF(AND(AM$3>=$O35, AM$3<=$P35), $Q35, "") ) ) ) | AN35: =IF(AND(AN$3>=$H35, AN$3<=$I35), $J35, IF(AND(AN$3>=$K35, AN$3<=$L35), "電", IF(AND(AN$3>=$M35, AN$3<=$N35),"試", IF(AND(AN$3>=$O35, AN$3<=$P35), $Q35, "") ) ) ) | AO35: =IF(AND(AO$3>=$H35, AO$3<=$I35), $J35, IF(AND(AO$3>=$K35, AO$3<=$L35), "電", IF(AND(AO$3>=$M35, AO$3<=$N35),"試", IF(AND(AO$3>=$O35, AO$3<=$P35), $Q35, "") ) ) ) | AP35: =IF(AND(AP$3>=$H35, AP$3<=$I35), $J35, IF(AND(AP$3>=$K35, AP$3<=$L35), "電", IF(AND(AP$3>=$M35, AP$3<=$N35),"試", IF(AND(AP$3>=$O35, AP$3<=$P35), $Q35, "") ) ) ) | AQ35: =IF(AND(AQ$3>=$H35, AQ$3<=$I35), $J35, IF(AND(AQ$3>=$K35, AQ$3<=$L35), "電", IF(AND(AQ$3>=$M35, AQ$3<=$N35),"試", IF(AND(AQ$3>=$O35, AQ$3<=$P35), $Q35, "") ) ) ) | ... CH35: =IF(AND(CH$3>=$H35, CH$3<=$I35), $J35, IF(AND(CH$3>=$K35, CH$3<=$L35), "電", IF(AND(CH$3>=$M35, CH$3<=$N35),"試", IF(AND(CH$3>=$O35, CH$3<=$P35), $Q35, "") ) ) )
B39: 【3,4000番】
B40: 工事番号 | C40: 機械ﾕﾆｯﾄ | D40: 出荷日 | E40: 概要
B41: 3160 | C41: FS | D41: 46044 | E41: 三恵Φ38.1スタンド | R41: 長 | S41: 長
B42: 3C47 | C42: MCHE4 | D42: 2025/1/16？ | E42: 3T09 | F42: 部品11/8 | R42: 早
B43: 3T12 | C43: REHE | D43: 5月 | E43: RCヘッド点検OH | S43: 桂 | AG43: 廣 | AH43: 廣
B44: 4751 | C44: RCHE | D44: 46227 | E44: RCヘッド | AQ44: 1 | AR44: 1
B45: 4C82 | C45: PCDS | D45: 46066 | E45: ミルシャフトサブ組 | F45: 部品1月中？ | S45: 香
B46: 4C85 | C46: PCDS | D46: 46094 | E46: ガイドロール | W46: 早
B47: 4C86 | C47: PCDS | D47: 46045 | E47: ガイドロール | S47: 早
B48: 4C87 | C48: PCDS | D48: 46066 | E48: ガイドロール | U48: 早
B49: 4C88 | C49: PCDS | D49: 46066 | E49: ガイドロール | U49: 早
B50: 4C89 | C50: FLPR | D50: 46073 | E50: ピンチロールユニット | X50: 早香 | Y50: 早香
B51: 4C90 | C51: PCMU | D51: 46066 | E51: PCガイドロール | W51: 香
B52: 4C91 | C52: PCAR | D52: 46080 | E52: シャフトBrgサブ組 | X52: 香
B53: 4C92 | C53: PCLU2 | D53: 46059 | E53: エア配管サブ組 | F53: 部品１月中旬(組立１月末希望） | U53: 早
B54: 4C93 | C54: PCAR | D54: 46073 | E54: ブラシユニット | W54: 早
B55: 4C94 | C55: PCAR | D55: 46101 | E55: シャフトBrgサブ組 | AA55: 早
B56: 4C94 | C56: FLOB | D56: 46122 | E56: OB No.17組品 | AD56: 早
B57: 4C96 | C57: PC | D57: 未定 | E57: クランクベース | F57: 2/25～ 組立 | Y57: 1
B58: D190 | C58: PCDS | D58: 46055 | E58: 蒲郡GT8点検 | F58: 部品12/8 | G58: D186点検分 | R58: 古 | S58: 古 | T58: 古
B59: D193 | C59: PCDS | D59: 46056 | E59: 日鉄尼崎 | F59: 部品製作必要(～2/末) | R59: 香 | Z59: 香 | AA59: 香 | AB59: 香
B60: 73157316 | C60: PCDS | D60: 46382 | E60: Wheatland | F60: 部品11月中 | R60: 宮早
B61: 8960 | C61: PCMU | D61: 46060 | E61: メタル溝入れ | S61: 1 | T61: 1
B64: 【出張】
B65: 工事番号 | C65: 客先名 | D65: 日程 | E65: 工事内容
B66: 2783 | C66: 丸一名古屋 | D66: 10/24,25 | E66: UC油漏れ工事 | AI66: 2
B67: 2784 | C67: 丸一名古屋
B68: 2778 | C68: ﾏﾝﾈｽﾏﾝﾄﾞｲﾂ | D68: ～1/20 | E68: ～1/20 | R68: 廣 | S68: 廣 | T68: 廣
B69: 2809 | C69: 新家千葉 | D69: 2/4～12 | V69: 桂 | W69: 桂
B70: 2812 | D70: 5/2-5/10 | E70: 電装一人
B71: 2815 | C71: 日鉄建材 | D71: 日程未定 | E71: スタンド追加工の指導 | U71: 長 | W71: 長
B72: 2815 | C72: 日鉄建材 | D72: 日程未定 | E72: 現地工事 | AI72: 1
B73: 2817 | C73: テナリスサウジ | D73: 3月？ | E73: 現地工事 | AA73: 廣 | AB73: 廣
B74: 4747 | C74: Wheatland | D74: 10/23-27 | E74: クランク交換
B75: 3177 | C75: サンキン | D75: 46095 | E75: RC部品交換 | AA75: 1
C76: 丸一ブラジル | D76: ？
B79: 【盤製作】
B80: 工事番号 | C80: 機械ﾕﾆｯﾄ | D80: 試運転開始 | E80: 向け先 | F80: 部品入荷 | G80: 図面対応
B81: 2810 | C81: FL | D81: 46076 | E81: 三五 | X81: 守 | Y81: 守 | Z81: 守
B82: 2810 | C82: ML | E82: 三五 | AJ82: 守 | AK82: 守 | AL82: 守
B83: 2810 | C83: MLD | E83: 三五 | F83: 寿光電気 | Z83: 外 | AA83: 外 | AB83: 外 | AC83: 外 | AD83: 外 | AE83: 外 | AF83: 外 | AG83: 外 | AH83: 外
B84: 2810 | C84: PC | E84: 三五 | AA84: 守 | AB84: 守 | AC84: 守
B85: 2810 | C85: RA | E85: 三五 | AM85: 守 | AN85: 守 | AO85: 守
B86: 2810 | C86: 交換台車 | E86: 三五 | AP86: 守 | AQ86: 守 | AR86: 守
B87: 2814 | C87: DF | D87: 46174 | F87: 46096 | AD87: 守 | AE87: 守 | AF87: 守 | AG87: 守 | AH87: 守
B88: 2815 | C88: WA | D88: 46111 | F88: 46052 | V88: 守 | W88: 守
B89: 2816 | C89: DF
B90: 2816 | C90: RA
B91: 3162 | C91: BM | D91: 46340 | E91: 蒲郡 積み重ね | G91: 中継箱・操作盤
B94: 【個人別空き確認】
D95: 桂 | E95: 桂 | R95: ○ | S95: ● | T95: ○ | U95: ● | V95: ✕ | W95: ● | X95: ● | Y95: ● | Z95: ✕ | AA95: ✕ | AB95: ● | AC95: ● | AD95: ● | AE95: ○ | AF95: ○ | AG95: ○ | AH95: ● | AI95: ○ | AJ95: ✕ | AK95: ✕ | AL95: ✕ | AM95: ● | AN95: ○ | AO95: ● | AP95: ● | AQ95: ● | AR95: ● | AS95: ● | AT95: ○ | AU95: ○ | AV95: ○ | AW95: ○ | AX95: ○ | AY95: ○ | AZ95: ○ | BA95: ○ | BB95: ○ | BC95: ○ | BD95: ○ | BE95: ○ | BF95: ○ | BG95: ○ | BH95: ○ | BI95: ○ | BJ95: ○ | BK95: ○ | BL95: ○ | BM95: ○ | BN95: ○ | BO95: ○ | BP95: ○ | BQ95: ○ | BR95: ○ | BS95: ○ | BT95: ○ | BU95: ○ | BV95: ○ | BW95: ○ | BX95: ○ | BY95: ○ | BZ95: ○ | CA95: ○ | CB95: ○ | CC95: ○ | CD95: ○ | CE95: ○ | CF95: ○ | CG95: ○ | CH95: ○
D96: 香 | E96: 香西 | R96: ● | S96: ● | T96: ○ | U96: ○ | V96: ○ | W96: ● | X96: ✕ | Y96: ✕ | Z96: ✕ | AA96: ✕ | AB96: ✕ | AC96: ● | AD96: ○ | AE96: ○ | AF96: ● | AG96: ● | AH96: ○ | AI96: ○ | AJ96: ○ | AK96: ○ | AL96: ○ | AM96: ○ | AN96: ○ | AO96: ○ | AP96: ○ | AQ96: ○ | AR96: ○ | AS96: ○ | AT96: ○ | AU96: ○ | AV96: ○ | AW96: ○ | AX96: ○ | AY96: ○ | AZ96: ○ | BA96: ○ | BB96: ○ | BC96: ○ | BD96: ○ | BE96: ○ | BF96: ○ | BG96: ○ | BH96: ○ | BI96: ○ | BJ96: ○ | BK96: ○ | BL96: ○ | BM96: ○ | BN96: ○ | BO96: ○ | BP96: ○ | BQ96: ○ | BR96: ○ | BS96: ○ | BT96: ○ | BU96: ○ | BV96: ○ | BW96: ○ | BX96: ○ | BY96: ○ | BZ96: ○ | CA96: ○ | CB96: ○ | CC96: ○ | CD96: ○ | CE96: ○ | CF96: ○ | CG96: ○ | CH96: ○
D97: 古 | E97: 古賀 | R97: ● | S97: ● | T97: ● | U97: ✕ | V97: ✕ | W97: ○ | X97: ○ | Y97: ○ | Z97: ○ | AA97: ○ | AB97: ● | AC97: ● | AD97: ● | AE97: ● | AF97: ● | AG97: ○ | AH97: ○ | AI97: ○ | AJ97: ● | AK97: ● | AL97: ● | AM97: ● | AN97: ○ | AO97: ○ | AP97: ○ | AQ97: ○ | AR97: ○ | AS97: ○ | AT97: ● | AU97: ● | AV97: ● | AW97: ○ | AX97: ○ | AY97: ○ | AZ97: ○ | BA97: ○ | BB97: ○ | BC97: ○ | BD97: ○ | BE97: ○ | BF97: ○ | BG97: ○ | BH97: ○ | BI97: ○ | BJ97: ○ | BK97: ○ | BL97: ○ | BM97: ○ | BN97: ○ | BO97: ○ | BP97: ○ | BQ97: ○ | BR97: ○ | BS97: ○ | BT97: ○ | BU97: ○ | BV97: ○ | BW97: ○ | BX97: ○ | BY97: ○ | BZ97: ○ | CA97: ○ | CB97: ○ | CC97: ○ | CD97: ○ | CE97: ○ | CF97: ○ | CG97: ○ | CH97: ○
D98: 長 | E98: 長谷川 | R98: ● | S98: ● | T98: ○ | U98: ✕ | V98: ○ | W98: ● | X98: ● | Y98: ● | Z98: ● | AA98: ● | AB98: ● | AC98: ● | AD98: ● | AE98: ● | AF98: ● | AG98: ● | AH98: ● | AI98: ○ | AJ98: ● | AK98: ● | AL98: ● | AM98: ○ | AN98: ○ | AO98: ○ | AP98: ○ | AQ98: ○ | AR98: ○ | AS98: ○ | AT98: ● | AU98: ● | AV98: ● | AW98: ○ | AX98: ○ | AY98: ○ | AZ98: ○ | BA98: ○ | BB98: ○ | BC98: ○ | BD98: ○ | BE98: ○ | BF98: ○ | BG98: ○ | BH98: ○ | BI98: ○ | BJ98: ○ | BK98: ○ | BL98: ○ | BM98: ○ | BN98: ○ | BO98: ○ | BP98: ○ | BQ98: ○ | BR98: ○ | BS98: ○ | BT98: ○ | BU98: ○ | BV98: ○ | BW98: ○ | BX98: ○ | BY98: ○ | BZ98: ○ | CA98: ○ | CB98: ○ | CC98: ○ | CD98: ○ | CE98: ○ | CF98: ○ | CG98: ○ | CH98: ○
D99: 廣 | E99: 廣田 | R99: ✕ | S99: ✕ | T99: ✕ | U99: ✕ | V99: ✕ | W99: ● | X99: ○ | Y99: ○ | Z99: ○ | AA99: ● | AB99: ● | AC99: ○ | AD99: ○ | AE99: ○ | AF99: ○ | AG99: ● | AH99: ● | AI99: ○ | AJ99: ○ | AK99: ○ | AL99: ○ | AM99: ○ | AN99: ○ | AO99: ○ | AP99: ○ | AQ99: ○ | AR99: ○ | AS99: ○ | AT99: ○ | AU99: ● | AV99: ● | AW99: ○ | AX99: ○ | AY99: ○ | AZ99: ○ | BA99: ○ | BB99: ○ | BC99: ○ | BD99: ○ | BE99: ○ | BF99: ○ | BG99: ○ | BH99: ○ | BI99: ○ | BJ99: ○ | BK99: ○ | BL99: ○ | BM99: ○ | BN99: ○ | BO99: ○ | BP99: ○ | BQ99: ○ | BR99: ○ | BS99: ○ | BT99: ○ | BU99: ○ | BV99: ○ | BW99: ○ | BX99: ○ | BY99: ○ | BZ99: ○ | CA99: ○ | CB99: ○ | CC99: ○ | CD99: ○ | CE99: ○ | CF99: ○ | CG99: ○ | CH99: ○
D100: 宮 | E100: 宮本 | R100: ✕ | S100: ● | T100: ● | U100: ✕ | V100: ● | W100: ● | X100: ● | Y100: ● | Z100: ✕ | AA100: ✕ | AB100: ● | AC100: ● | AD100: ● | AE100: ○ | AF100: ○ | AG100: ○ | AH100: ● | AI100: ○ | AJ100: ✕ | AK100: ✕ | AL100: ✕ | AM100: ● | AN100: ○ | AO100: ● | AP100: ● | AQ100: ● | AR100: ● | AS100: ● | AT100: ○ | AU100: ○ | AV100: ○ | AW100: ○ | AX100: ○ | AY100: ○ | AZ100: ○ | BA100: ○ | BB100: ○ | BC100: ○ | BD100: ○ | BE100: ○ | BF100: ○ | BG100: ○ | BH100: ○ | BI100: ○ | BJ100: ○ | BK100: ○ | BL100: ○ | BM100: ○ | BN100: ○ | BO100: ○ | BP100: ○ | BQ100: ○ | BR100: ○ | BS100: ○ | BT100: ○ | BU100: ○ | BV100: ○ | BW100: ○ | BX100: ○ | BY100: ○ | BZ100: ○ | CA100: ○ | CB100: ○ | CC100: ○ | CD100: ○ | CE100: ○ | CF100: ○ | CG100: ○ | CH100: ○
D101: 山 | E101: 山下 | R101: ○ | S101: ● | T101: ● | U101: ● | V101: ● | W101: ● | X101: ● | Y101: ● | Z101: ● | AA101: ● | AB101: ● | AC101: ● | AD101: ● | AE101: ● | AF101: ● | AG101: ● | AH101: ● | AI101: ○ | AJ101: ● | AK101: ● | AL101: ● | AM101: ○ | AN101: ○ | AO101: ○ | AP101: ○ | AQ101: ○ | AR101: ○ | AS101: ○ | AT101: ● | AU101: ● | AV101: ● | AW101: ○ | AX101: ○ | AY101: ○ | AZ101: ○ | BA101: ○ | BB101: ○ | BC101: ○ | BD101: ○ | BE101: ○ | BF101: ○ | BG101: ○ | BH101: ○ | BI101: ○ | BJ101: ○ | BK101: ○ | BL101: ○ | BM101: ○ | BN101: ○ | BO101: ○ | BP101: ○ | BQ101: ○ | BR101: ○ | BS101: ○ | BT101: ○ | BU101: ○ | BV101: ○ | BW101: ○ | BX101: ○ | BY101: ○ | BZ101: ○ | CA101: ○ | CB101: ○ | CC101: ○ | CD101: ○ | CE101: ○ | CF101: ○ | CG101: ○ | CH101: ○
D102: 米 | E102: 米澤 | R102: ○ | S102: ● | T102: ● | U102: ✕ | V102: ✕ | W102: ○ | X102: ● | Y102: ● | Z102: ✕ | AA102: ✕ | AB102: ● | AC102: ● | AD102: ● | AE102: ○ | AF102: ○ | AG102: ○ | AH102: ● | AI102: ○ | AJ102: ✕ | AK102: ✕ | AL102: ✕ | AM102: ● | AN102: ○ | AO102: ● | AP102: ● | AQ102: ● | AR102: ● | AS102: ● | AT102: ○ | AU102: ○ | AV102: ○ | AW102: ○ | AX102: ○ | AY102: ○ | AZ102: ○ | BA102: ○ | BB102: ○ | BC102: ○ | BD102: ○ | BE102: ○ | BF102: ○ | BG102: ○ | BH102: ○ | BI102: ○ | BJ102: ○ | BK102: ○ | BL102: ○ | BM102: ○ | BN102: ○ | BO102: ○ | BP102: ○ | BQ102: ○ | BR102: ○ | BS102: ○ | BT102: ○ | BU102: ○ | BV102: ○ | BW102: ○ | BX102: ○ | BY102: ○ | BZ102: ○ | CA102: ○ | CB102: ○ | CC102: ○ | CD102: ○ | CE102: ○ | CF102: ○ | CG102: ○ | CH102: ○
D103: S | E103: Senthil | R103: ○ | S103: ○ | T103: ○ | U103: ○ | V103: ● | W103: ○ | X103: ○ | Y103: ○ | Z103: ○ | AA103: ○ | AB103: ○ | AC103: ○ | AD103: ○ | AE103: ○ | AF103: ○ | AG103: ○ | AH103: ○ | AI103: ○ | AJ103: ○ | AK103: ○ | AL103: ○ | AM103: ○ | AN103: ○ | AO103: ○ | AP103: ○ | AQ103: ○ | AR103: ○ | AS103: ○ | AT103: ○ | AU103: ○ | AV103: ○ | AW103: ○ | AX103: ○ | AY103: ○ | AZ103: ○ | BA103: ○ | BB103: ○ | BC103: ○ | BD103: ○ | BE103: ○ | BF103: ○ | BG103: ○ | BH103: ○ | BI103: ○ | BJ103: ○ | BK103: ○ | BL103: ○ | BM103: ○ | BN103: ○ | BO103: ○ | BP103: ○ | BQ103: ○ | BR103: ○ | BS103: ○ | BT103: ○ | BU103: ○ | BV103: ○ | BW103: ○ | BX103: ○ | BY103: ○ | BZ103: ○ | CA103: ○ | CB103: ○ | CC103: ○ | CD103: ○ | CE103: ○ | CF103: ○ | CG103: ○ | CH103: ○
D104: 早 | E104: 早川 | R104: ✕ | S104: ● | T104: ○ | U104: ✕ | V104: ○ | W104: ✕ | X104: ✕ | Y104: ✕ | Z104: ● | AA104: ✕ | AB104: ● | AC104: ● | AD104: ● | AE104: ○ | AF104: ● | AG104: ● | AH104: ○ | AI104: ○ | AJ104: ○ | AK104: ○ | AL104: ○ | AM104: ○ | AN104: ○ | AO104: ○ | AP104: ○ | AQ104: ○ | AR104: ○ | AS104: ○ | AT104: ○ | AU104: ○ | AV104: ○ | AW104: ○ | AX104: ○ | AY104: ○ | AZ104: ○ | BA104: ○ | BB104: ○ | BC104: ○ | BD104: ○ | BE104: ○ | BF104: ○ | BG104: ○ | BH104: ○ | BI104: ○ | BJ104: ○ | BK104: ○ | BL104: ○ | BM104: ○ | BN104: ○ | BO104: ○ | BP104: ○ | BQ104: ○ | BR104: ○ | BS104: ○ | BT104: ○ | BU104: ○ | BV104: ○ | BW104: ○ | BX104: ○ | BY104: ○ | BZ104: ○ | CA104: ○ | CB104: ○ | CC104: ○ | CD104: ○ | CE104: ○ | CF104: ○ | CG104: ○ | CH104: ○
D105: 千 | E105: 千代盛 | R105: ● | S105: ● | T105: ● | U105: ● | V105: ○ | W105: ○ | X105: ○ | Y105: ○ | Z105: ○ | AA105: ○ | AB105: ○ | AC105: ○ | AD105: ○ | AE105: ○ | AF105: ○ | AG105: ○ | AH105: ○ | AI105: ○ | AJ105: ○ | AK105: ○ | AL105: ○ | AM105: ○ | AN105: ○ | AO105: ○ | AP105: ○ | AQ105: ○ | AR105: ○ | AS105: ○ | AT105: ○ | AU105: ○ | AV105: ○ | AW105: ○ | AX105: ○ | AY105: ○ | AZ105: ○ | BA105: ○ | BB105: ○ | BC105: ○ | BD105: ○ | BE105: ○ | BF105: ○ | BG105: ○ | BH105: ○ | BI105: ○ | BJ105: ○ | BK105: ○ | BL105: ○ | BM105: ○ | BN105: ○ | BO105: ○ | BP105: ○ | BQ105: ○ | BR105: ○ | BS105: ○ | BT105: ○ | BU105: ○ | BV105: ○ | BW105: ○ | BX105: ○ | BY105: ○ | BZ105: ○ | CA105: ○ | CB105: ○ | CC105: ○ | CD105: ○ | CE105: ○ | CF105: ○ | CG105: ○ | CH105: ○
